Número de orden;cliente_hash;Fecha;Estado de la orden;Estado del pago;Estado del envío;Moneda;Subtotal de productos;Descuento;Costo de envío;Total;Provincia o estado;País;Medio de envío;Medio de pago;Cupón de descuento;Fecha de pago;Fecha de envío;Nombre del producto;Precio del producto;Cantidad del producto;SKU;Canal;Identificador de la orden;Producto Físico;Sucursal de venta;Fecha y hora de cancelación;Motivo de cancelación;Orden editada;Saldo a cobrar / reembolsar;Reembolso;Costo de procesamiento;Cantidad de cuotas;Interés por cuotas;Impuestos;Devolución de cargos;Total neto;Forma de pago;Dinero disponible para retirar a partir de;Estado del contracargo;Fecha de reembolso;Fecha de vencimiento del pago;Venta original
6326;dd730fe2e2;07/08/2026 14:38:23;Abierta;Recibido;Entregado;ARS;48000;13200.00;0;34800;Gran Buenos Aires;Argentina;MANDO A RETIRAR ;Transferencia;LUCIAN15;07/08/2026;07/08/2026;AOA STUDIO - PEGA DE PESTAÑAS COREANA;18000;1;3D24A;Móvil;2039486129;Sí;;;;No;;;;;;;;;Transferencia o depósito;;;;;
6326;dd730fe2e2;;;;;;;;;;;;;;;;;SHOOW TOOLS - CLARA BOW (BLACK);30000;1;;;;Sí;;;;;;;;;;;;;;;;;;
6323;54b06961cb;07/08/2026 00:42:26;Abierta;Recibido;Entregado;ARS;27600;5520.00;0;22080;Buenos Aires;Argentina;MANDO A RETIRAR ;Transferencia;;07/08/2026;07/08/2026;SHOOW TOOLS - MASCARA GUARD SHIELD (Aplicador de mascara/rimel);9600;1;;Móvil;2039082859;Sí;;;;No;;;;;;;;;Transferencia o depósito;;;;;
6323;54b06961cb;;;;;;;;;;;;;;;;;AOA STUDIO - PEGA DE PESTAÑAS COREANA;18000;1;3D24A;;;Sí;;;;;;;;;;;;;;;;;;
6322;de10621321;06/08/2026 18:01:58;Abierta;Recibido;No está empaquetado;ARS;60000;12000.00;0;48000;;Argentina;Retirado en Punto de Venta;Efectivo;POS-ORDER-1786050102066;06/08/2026;;SHOOW TOOLS - TAYLOR (BLACK) (MIXED (8/10/12/14mm));30000;2;;Punto de venta;2038749740;Sí;Beauty House;;;No;;;;;;;;;Efectivo;;;;;
6321;1e87803cc9;06/08/2026 16:13:42;Abierta;Recibido;No está empaquetado;ARS;618000;370800.00;0;247200;;Argentina;Retirado en Punto de Venta;Efectivo;POS-ORDER-1786043577036;06/08/2026;;SHOOW TOOLS - ISABEL I (BLACK) (MIXED (8/10/12/14mm));30000;4;;Punto de venta;2038657349;Sí;Beauty House;;;No;;;;;;;;;Efectivo;;;;;
6321;1e87803cc9;;;;;;;;;;;;;;;;;SHOOW TOOLS - ISABEL I (BLACK) (8mm/10mm);30000;10;;;;Sí;;;;;;;;;;;;;;;;;;
6321;1e87803cc9;;;;;;;;;;;;;;;;;SHOOW TOOLS - ISABEL I (CHOCOLATE) (8/8/10/12 mm);30000;3;;;;Sí;;;;;;;;;;;;;;;;;;
6321;1e87803cc9;;;;;;;;;;;;;;;;;SHOOW TOOLS - FOXY CAT EYE (10PAIRS);36000;3;850056827119;;;Sí;;;;;;;;;;;;;;;;;;
6320;549bf403bd;06/08/2026 09:38:38;Abierta;Recibido;No está empaquetado;ARS;36000;7200.00;9776;38576;Buenos Aires;Argentina;Envío Nube - Correo Argentino Clásico a domicilio;Transferencia;;06/08/2026;;SHOOW TOOLS - SHOOW YOU (10PAIRS);36000;1;850056827034;Móvil;2038302894;Sí;;;;No;;;;;;;;;Transferencia o depósito;;;;;
6318;9fb571703b;05/08/2026 17:07:29;Abierta;Recibido;No está empaquetado;ARS;432000;237600.00;0;194400;;Argentina;Retirado en Punto de Venta;Pago manual;POS-ORDER-1785960426757;06/08/2026;;SHOOW TOOLS - SO CLASSY (10PAIRS);36000;6;850056827027;Punto de venta;2037754399;Sí;Beauty House;;;No;;;;;;;;;A convenir;;;;;
6318;9fb571703b;;;;;;;;;;;;;;;;;SHOOW TOOLS - NATURAL SHOOW (10 PAIRS);36000;1;850056827003;;;Sí;;;;;;;;;;;;;;;;;;
6318;9fb571703b;;;;;;;;;;;;;;;;;SHOOW TOOLS - FOXY CAT EYE (10PAIRS);36000;5;850056827119;;;Sí;;;;;;;;;;;;;;;;;;
6317;3912a716d5;05/08/2026 16:42:24;Abierta;Recibido;No está empaquetado;ARS;30000;0.00;5943;35943;Gran Buenos Aires;Argentina;Punto de retiro;Mercado Pago;;05/08/2026;;SHOOW TOOLS - CLARA BOW (BLACK);30000;1;;Móvil;2037731412;Sí;;;;No;;;;1;;;;;Tarjeta de crédito;;;;;
6316;8f74b17afa;04/08/2026 20:00:01;Abierta;Recibido;No está empaquetado;ARS;120000;0.00;10734;130734;Santa Fe;Argentina;Envío Nube - Correo Argentino Clásico a domicilio;Mercado Pago;;04/08/2026;;SHOOW TOOLS - CLARA BOW (BLACK);30000;2;;Móvil;2036936065;Sí;;;;No;;;;;;;;;Billetera virtual;;;;;
6316;8f74b17afa;;;;;;;;;;;;;;;;;SHOOW TOOLS - Elizabeth Taylor (BLACK);30000;2;;;;Sí;;;;;;;;;;;;;;;;;;
6315;c88c9679f5;04/08/2026 14:20:50;Abierta;Recibido;No está empaquetado;ARS;45000;9000.00;10196.55;46196.55;Buenos Aires;Argentina;Envío Nube - Andreani a domicilio;Transferencia;;04/08/2026;;SHOOW TOOLS - ISABEL I (BLACK) (MIXED (8/10/12/14mm));30000;1;;Móvil;2036649218;Sí;;;;No;;;;;;;;;Transferencia o depósito;;;;;
6315;c88c9679f5;;;;;;;;;;;;;;;;;SHOOW TOOLS - Triangle powder puff (3 units);15000;1;;;;Sí;;;;;;;;;;;;;;;;;;
6314;d8d476a470;04/08/2026 12:41:02;Abierta;Recibido;No está empaquetado;ARS;30000;6000.00;9776;33776;Buenos Aires;Argentina;Envío Nube - Correo Argentino Clásico a domicilio;Transferencia;;04/08/2026;;SHOOW TOOLS - ISABEL I (BLACK) (MIXED (8/10/12/14mm));30000;1;;Móvil;2036564321;Sí;;;;No;;;;;;;;;Transferencia o depósito;;;;;
6313;1dcedbeb62;03/08/2026 16:48:03;Archivada;Recibido;Entregado;ARS;360000;180000.00;0;180000;;Argentina;Retirado en Punto de Venta;Transferencia o depósito;POS-ORDER-1785786466225;03/08/2026;03/08/2026;SHOOW TOOLS - TAYLOR (BLACK) (MIXED (8/10/12/14mm));30000;4;;Punto de venta;2035793268;Sí;Beauty House;;;No;;;;;;;;;Transferencia o depósito;;;;03/08/2026 16:48:04;
6313;1dcedbeb62;;;;;;;;;;;;;;;;;SHOOW TOOLS - ISABEL I (BLACK) (MIXED (8/10/12/14mm));30000;8;;;;Sí;;;;;;;;;;;;;;;;;;
6311;b6d5c82bcb;01/08/2026 11:13:47;Archivada;Recibido;Enviado;ARS;150000;30000.00;0;120000;Capital Federal;Argentina;@Siempre.Logistica Servicio Premium. Te enviamos un WhatsApp el día anterior a tu entrega con un rango horario de solo 2 a 4hs para que no te quedes esperando todo el día. Ahorrá tiempo.;Transferencia;;02/08/2026;03/08/2026;SHOOW TOOLS - Elizabeth Taylor (BLACK);30000;1;;Móvil;2033992531;Sí;;;;No;;;;;;;;;Transferencia o depósito;;;;;
6311;b6d5c82bcb;;;;;;;;;;;;;;;;;Charlotte tilbury - Mini Iconic Lip Cheat Lip Liner Trio;120000;1;;;;Sí;;;;;;;;;;;;;;;;;;
6310;fe153f5524;01/08/2026 10:00:53;Archivada;Recibido;Entregado;ARS;50000;20000.00;4500;34500;Capital Federal;Argentina;@Siempre.Logistica Servicio Premium. Te enviamos un WhatsApp el día anterior a tu entrega con un rango horario de solo 2 a 4hs para que no te quedes esperando todo el día. Ahorrá tiempo.;Transferencia;;03/08/2026;03/08/2026;Italia deluxe - Delineadores de labios (Mauve);10000;1;082353010547;Móvil;2033934378;Sí;;;;No;;;;;;;;;Transferencia o depósito;;;;;
6310;fe153f5524;;;;;;;;;;;;;;;;;Italia deluxe - Delineadores de labios (Hazelnut);10000;1;082353010646;;;Sí;;;;;;;;;;;;;;;;;;
6310;fe153f5524;;;;;;;;;;;;;;;;;Italia deluxe - Delineadores de labios (terracotta);10000;2;082353010653;;;Sí;;;;;;;;;;;;;;;;;;
6310;fe153f5524;;;;;;;;;;;;;;;;;Italia deluxe - Delineadores de labios (natural beige);10000;1;082353010523;;;Sí;;;;;;;;;;;;;;;;;;
6309;c922819413;31/07/2026 15:39:24;Archivada;Recibido;Enviado;ARS;50000;20000.00;5943;35943;Gran Buenos Aires;Argentina;Punto de retiro;Mercado Pago;;31/07/2026;04/08/2026;Italia deluxe - Delineadores de labios (Natural);10000;1;082353010332;Móvil;2033423587;Sí;;;;No;;;;;;;;;Billetera virtual;;;;;
6309;c922819413;;;;;;;;;;;;;;;;;Italia deluxe - Delineadores de labios (Brown);10000;1;082353010400;;;Sí;;;;;;;;;;;;;;;;;;
6309;c922819413;;;;;;;;;;;;;;;;;Italia deluxe - Delineadores de labios (Hazelnut);10000;1;082353010646;;;Sí;;;;;;;;;;;;;;;;;;
6309;c922819413;;;;;;;;;;;;;;;;;Italia deluxe - Delineadores de labios (Chocolate);10000;1;082353010332;;;Sí;;;;;;;;;;;;;;;;;;
6309;c922819413;;;;;;;;;;;;;;;;;Italia deluxe - Delineadores de labios (hot cocoa);10000;1;082353010608;;;Sí;;;;;;;;;;;;;;;;;;
6308;7d7712eff0;31/07/2026 08:54:06;Archivada;Recibido;Entregado;ARS;30000;0.00;0;30000;Capital Federal;Argentina;Beauty House;Mercado Pago;;31/07/2026;03/08/2026;SHOOW TOOLS - TAYLOR (BLACK) (8mm/10mm);30000;1;;Móvil;2033097966;Sí;;;;No;;;;1;;;;;Tarjeta de crédito;;;;;
6307;99df96ba13;30/07/2026 20:37:33;Archivada;Recibido;Entregado;ARS;30000;6000.00;10555;34555;Mendoza;Argentina;Envío Nube - Correo Argentino Clásico a domicilio;Transferencia;;30/07/2026;07/08/2026;SHOOW TOOLS - Elizabeth Taylor (BLACK);30000;1;;Móvil;2032808653;Sí;;;;No;;;;;;;;;Transferencia o depósito;;;;;
6306;cb3b457aa5;30/07/2026 16:07:53;Archivada;Recibido;Entregado;ARS;90000;25200.00;0;64800;Gran Buenos Aires;Argentina;Beauty House;Efectivo (Billete);BHOHJQXJ;03/08/2026;03/08/2026;SHOOW TOOLS - ISABEL I (BLACK) (8mm/10mm);30000;1;;Móvil;2030856298;Sí;;;;No;;;;;;;;;Efectivo;;;;;
6306;cb3b457aa5;;;;;;;;;;;;;;;;;SHOOW TOOLS - TAYLOR (BLACK) (8mm/10mm);30000;1;;;;Sí;;;;;;;;;;;;;;;;;;
6306;cb3b457aa5;;;;;;;;;;;;;;;;;SHOOW TOOLS - TWIGGY (NEGRO 8mm/10mm);30000;1;;;;Sí;;;;;;;;;;;;;;;;;;
6305;d2c95c7bb4;30/07/2026 15:53:13;Archivada;Recibido;Entregado;ARS;150000;45000.00;0;105000;;Argentina;Retirado en Punto de Venta;LINK DE PAGO 3 CUOTAS;POS-ORDER-1785435258322;30/07/2026;03/08/2026;SHOOW TOOLS - TWIGGY (NEGRO (8/10/12/14mm));30000;2;;Punto de venta;2031850409;Sí;Beauty House;;;No;;;;;;;;;A convenir;;;;;
6305;d2c95c7bb4;;;;;;;;;;;;;;;;;SHOOW TOOLS - WET N WILD (BLACK);30000;1;;;;Sí;;;;;;;;;;;;;;;;;;
6305;d2c95c7bb4;;;;;;;;;;;;;;;;;SHOOW TOOLS - TWIGGY (NEGRO 8mm/10mm);30000;2;;;;Sí;;;;;;;;;;;;;;;;;;
6304;5390a8c692;30/07/2026 14:31:39;Archivada;Recibido;Entregado;ARS;60000.07;0.00;10555;70555.07;San Juan;Argentina;Envío Nube - Correo Argentino Clásico a domicilio;Pago Nube;;30/07/2026;07/08/2026;PAT MCGRATH - DARK STAR COLOUR BLITZ MASCARA ( Renegade Red (Vibrant True Red);60000.07;1;843004111767;Móvil;2032515159;Sí;;;;No;;;5153.06;1;;;;65402.01;Tarjeta de crédito;30/07/2026 14:31:44;;;;
6303;1f9f659956;30/07/2026 12:12:15;Archivada;Recibido;Entregado;ARS;104400;0.00;9776;114176;Córdoba;Argentina;Envío Nube - Correo Argentino Clásico a domicilio;Pago Nube;;30/07/2026;07/08/2026;(PRE- LANZAMIENTO) SHOOW TOOLS - MASCARA GUARD SHIELD (Aplicador de mascara/rimel);9600;1;;Web;2032406166;Sí;;;;No;;;8338.96;3;14865.71;;;90971.33;Tarjeta de crédito;30/07/2026 12:12:16;;;;
6303;1f9f659956;;;;;;;;;;;;;;;;;SHOOW TOOLS - FOXY #1 (10PAIRS);32400;2;850056827089;;;Sí;;;;;;;;;;;;;;;;;;
6303;1f9f659956;;;;;;;;;;;;;;;;;Italia deluxe - Delineadores de labios (natural beige);10000;1;082353010523;;;Sí;;;;;;;;;;;;;;;;;;
6303;1f9f659956;;;;;;;;;;;;;;;;;Italia deluxe - Delineadores de labios (hot red);10000;1;082353010479;;;Sí;;;;;;;;;;;;;;;;;;
6303;1f9f659956;;;;;;;;;;;;;;;;;Italia deluxe - Delineadores de labios (Natural);10000;1;082353010332;;;Sí;;;;;;;;;;;;;;;;;;
6302;4a7f41f360;30/07/2026 11:04:35;Archivada;Recibido;Entregado;ARS;36000;7200.00;4500;33300;Capital Federal;Argentina;@Siempre.Logistica Servicio Premium. Te enviamos un WhatsApp el día anterior a tu entrega con un rango horario de solo 2 a 4hs para que no te quedes esperando todo el día. Ahorrá tiempo.;Transferencia;;30/07/2026;04/08/2026;SHOOW TOOLS - NATURAL SHOOW (10 PAIRS);36000;1;850056827003;Móvil;2032355434;Sí;;;;No;;;;;;;;;Transferencia o depósito;;;;;
6301;f60ef34cad;29/07/2026 20:25:48;Archivada;Recibido;Entregado;ARS;90000;18000.00;0;72000;Rio Negro;Argentina;Punto de retiro;Transferencia;;29/07/2026;04/08/2026;SHOOW TOOLS - CLARA BOW (BLACK);30000;1;;Móvil;2031926242;Sí;;;;No;;;;;;;;;Transferencia o depósito;;;;;
6301;f60ef34cad;;;;;;;;;;;;;;;;;SHOOW TOOLS - TAYLOR (BLACK) (8mm/10mm);30000;1;;;;Sí;;;;;;;;;;;;;;;;;;
6301;f60ef34cad;;;;;;;;;;;;;;;;;SHOOW TOOLS - TWIGGY (NEGRO 8mm/10mm);30000;1;;;;Sí;;;;;;;;;;;;;;;;;;
6300;522a435fcd;29/07/2026 18:24:14;Archivada;Recibido;Entregado;ARS;30000;6000.00;4500;28500;Capital Federal;Argentina;@Siempre.Logistica Servicio Premium. Te enviamos un WhatsApp el día anterior a tu entrega con un rango horario de solo 2 a 4hs para que no te quedes esperando todo el día. Ahorrá tiempo.;Efectivo (Billete);;04/08/2026;04/08/2026;SHOOW TOOLS - ISABEL I (BLACK) (MIXED (8/10/12/14mm));30000;1;;Móvil;2031876790;Sí;;;;No;;;;;;;;;Efectivo;;;;;
6299;d2c95c7bb4;29/07/2026 17:44:48;Cancelada;Recibido;No está empaquetado;ARS;150000;60000.00;0;90000;;Argentina;Retirado en Punto de Venta;Transferencia o depósito;POS-ORDER-1785357791778;29/07/2026;;SHOOW TOOLS - TWIGGY (NEGRO 8mm/10mm);30000;2;;Punto de venta;2031847836;Sí;Beauty House;30/07/2026 13:18:58;El cliente cambió de idea;No;;;;;;;;;Transferencia o depósito;;;;29/07/2026 17:44:50;
6299;d2c95c7bb4;;;;;;;;;;;;;;;;;SHOOW TOOLS - TWIGGY (NEGRO (8/10/12/14mm));30000;2;;;;Sí;;;;;;;;;;;;;;;;;;
6299;d2c95c7bb4;;;;;;;;;;;;;;;;;SHOOW TOOLS - WET N WILD (BLACK);30000;1;;;;Sí;;;;;;;;;;;;;;;;;;
6298;cb69ccd184;29/07/2026 16:00:06;Archivada;Recibido;Entregado;ARS;48000;0.00;11046.4;59046.4;Mendoza;Argentina;Envío Nube - Andreani a domicilio;Mercado Pago;;29/07/2026;05/08/2026;SHOOW TOOLS - ISABEL I (BLACK) (MIXED (8/10/12/14mm));30000;1;;Móvil;2031752696;Sí;;;;No;;;;;;;;;Billetera virtual;;;;;
6298;cb69ccd184;;;;;;;;;;;;;;;;;AOA STUDIO - PEGA DE PESTAÑAS COREANA;18000;1;3D24A;;;Sí;;;;;;;;;;;;;;;;;;
6297;77410c0b14;29/07/2026 11:29:35;Archivada;Recibido;Enviado;ARS;63000;12600.00;4500;54900;Capital Federal;Argentina;@Siempre.Logistica Servicio Premium. Te enviamos un WhatsApp el día anterior a tu entrega con un rango horario de solo 2 a 4hs para que no te quedes esperando todo el día. Ahorrá tiempo.;Transferencia;;29/07/2026;30/07/2026;THE CLUSTER TRIOLOGY (Solo, Solo, Solo);63000;1;1252446698|1252444571|1534920775;Móvil;2031561608;Sí;;;;No;;;;;;;;;Transferencia o depósito;;;;;
6296;6c065ff6ce;29/07/2026 00:14:43;Archivada;Recibido;Entregado;ARS;36000;7200.00;7802;36602;Santa Cruz;Argentina;Punto de retiro;Transferencia;;29/07/2026;06/08/2026;SHOOW TOOLS - KIT DE RETOQUE (4 pz);18000;2;850056827249;Móvil;2031283037;Sí;;;;No;;;;;;;;;Transferencia o depósito;;;;;
6295;19e0e6ac47;28/07/2026 22:14:01;Abierta;Recibido;No está empaquetado;ARS;36000;7200.00;0;28800;Gran Buenos Aires;Argentina;MANDO A RETIRAR ;Transferencia;;28/07/2026;;SHOOW TOOLS - SOFT & SHORT (10PAIRS);36000;1;850056827010;Móvil;2031084845;Sí;;;;No;;;;;;;;;Transferencia o depósito;;;;;
6294;4c6b7942e1;28/07/2026 19:16:39;Archivada;Recibido;Enviado;ARS;36000;7200.00;4500;33300;Capital Federal;Argentina;@Siempre.Logistica Servicio Premium. Te enviamos un WhatsApp el día anterior a tu entrega con un rango horario de solo 2 a 4hs para que no te quedes esperando todo el día. Ahorrá tiempo.;Transferencia;;28/07/2026;30/07/2026;SHOOW TOOLS - NATURAL SHOOW (10 PAIRS);36000;1;850056827003;Web;2030999177;Sí;;;;No;;;;;;;;;Transferencia o depósito;;;;;
6293;df7a593cfa;28/07/2026 03:48:05;Archivada;Recibido;Entregado;ARS;50000;20000.00;0;30000;Capital Federal;Argentina;MANDO A RETIRAR ;Pago Nube;;28/07/2026;28/07/2026;Italia deluxe - Delineadores de labios (Natural);10000;1;082353010332;Móvil;2030427664;Sí;;;;No;;;2191.08;1;;750.00;;27058.92;Tarjeta de crédito;28/07/2026 03:48:07;;;;
6293;df7a593cfa;;;;;;;;;;;;;;;;;Italia deluxe - Delineadores de labios (Hazelnut);10000;1;082353010646;;;Sí;;;;;;;;;;;;;;;;;;
6293;df7a593cfa;;;;;;;;;;;;;;;;;Italia deluxe - Delineadores de labios (Mauve);10000;1;082353010547;;;Sí;;;;;;;;;;;;;;;;;;
6293;df7a593cfa;;;;;;;;;;;;;;;;;Italia deluxe - Delineadores de labios (hot cocoa);10000;1;082353010608;;;Sí;;;;;;;;;;;;;;;;;;
6293;df7a593cfa;;;;;;;;;;;;;;;;;Italia deluxe - Delineadores de labios (Chocolate);10000;1;082353010332;;;Sí;;;;;;;;;;;;;;;;;;
6292;012f55d678;25/07/2026 23:48:38;Archivada;Recibido;Enviado;ARS;60000;0.00;9500;69500;Buenos Aires;Argentina;@Siempre.Logistica Servicio Premium. Te enviamos un WhatsApp el día anterior a tu entrega con un rango horario de solo 2 a 4hs para que no te quedes esperando todo el día. Ahorrá tiempo.;Mercado Pago;;25/07/2026;30/07/2026;SHOOW TOOLS - TWIGGY (NEGRO (8/10/12/14mm));30000;2;;Móvil;2028722117;Sí;;;;No;;;;;;;;;Billetera virtual;;;;;
6289;300105b700;24/07/2026 11:56:45;Archivada;Recibido;Enviado;ARS;50000;20000.00;8600;38600;Gran Buenos Aires;Argentina;Envío Nube - Correo Argentino Clásico a domicilio;Pago Nube;;24/07/2026;30/07/2026;Italia deluxe - Delineadores de labios (Natural);10000;1;082353010332;Móvil;2022804107;Sí;;;;No;;;2819.18;1;;;;35780.82;Tarjeta de crédito;24/07/2026 11:56:47;;;;
6289;300105b700;;;;;;;;;;;;;;;;;Italia deluxe - Delineadores de labios (natural beige);10000;2;082353010523;;;Sí;;;;;;;;;;;;;;;;;;
6289;300105b700;;;;;;;;;;;;;;;;;Italia deluxe - Delineadores de labios (Mauve);10000;1;082353010547;;;Sí;;;;;;;;;;;;;;;;;;
6289;300105b700;;;;;;;;;;;;;;;;;Italia deluxe - Delineadores de labios (hot cocoa);10000;1;082353010608;;;Sí;;;;;;;;;;;;;;;;;;
6288;5e64df71c2;23/07/2026 14:30:21;Archivada;Recibido;Entregado;ARS;30000;6000.00;0;24000;Capital Federal;Argentina;MANDO A RETIRAR ;Transferencia;;23/07/2026;24/07/2026;SHOOW TOOLS - Elizabeth Taylor (BLACK);30000;1;;Web;2026588155;Sí;;;;No;;;;;;;;;Transferencia o depósito;;;;;
6287;c641bc7216;23/07/2026 10:50:01;Archivada;Recibido;Entregado;ARS;38000;0.00;10555;48555;Corrientes;Argentina;Envío Nube - Correo Argentino Clásico a domicilio;Pago Nube;;23/07/2026;03/08/2026;SHOOW TOOLS - MANIQUI DE SILICONA PARA MAQUILLAJES (Grises);38000;1;888877776666;Móvil;2026346868;Sí;;;;No;;;3546.26;1;;;;45008.74;Tarjeta de crédito;23/07/2026 10:50:02;;;;
6285;759163ae7f;21/07/2026 20:46:50;Archivada;Recibido;Enviado;ARS;9600;1920.00;4500;12180;Capital Federal;Argentina;@Siempre.Logistica Servicio Premium. Te enviamos un WhatsApp el día anterior a tu entrega con un rango horario de solo 2 a 4hs para que no te quedes esperando todo el día. Ahorrá tiempo.;Transferencia;;21/07/2026;04/08/2026;(PRE- LANZAMIENTO) SHOOW TOOLS - MASCARA GUARD SHIELD (Aplicador de mascara/rimel);9600;1;;Móvil;2016605921;Sí;;;;No;;;;;;;;;Transferencia o depósito;;;;;
6284;31651ce68c;21/07/2026 17:14:33;Archivada;Recibido;Entregado;ARS;9600;0.00;0;9600;;Argentina;Retirado en Punto de Venta;Efectivo;;21/07/2026;21/07/2026;(PRE- LANZAMIENTO) SHOOW TOOLS - MASCARA GUARD SHIELD (Aplicador de mascara/rimel);9600;1;;Punto de venta;2024704756;Sí;Beauty House;;;No;;;;;;;;;Efectivo;;;;;
6283;f7193ec0bb;21/07/2026 15:15:43;Archivada;Recibido;Enviado;ARS;216820.05;0.00;0;216820.05;Capital Federal;Argentina;@Siempre.Logistica Servicio Premium. Te enviamos un WhatsApp el día anterior a tu entrega con un rango horario de solo 2 a 4hs para que no te quedes esperando todo el día. Ahorrá tiempo.;Pago Nube;;21/07/2026;28/07/2026;Elf cosmetics - Power Grip Primer;60000;1;609332828469;Web;2024558010;Sí;;;;No;;;15835.66;3;28229.97;5420.50;;167333.92;Tarjeta de crédito;21/07/2026 15:15:44;;;;
6283;f7193ec0bb;;;;;;;;;;;;;;;;;AOA STUDIO - DELINEADOR LIQUIDO (Love birds);15000;1;100000116661;;;Sí;;;;;;;;;;;;;;;;;;
6283;f7193ec0bb;;;;;;;;;;;;;;;;;ITALIA DELUXE - P.H.A.T N' JELLY COOLING WATER TINT (JUST PEACHY);28000;1;782353308032;;;Sí;;;;;;;;;;;;;;;;;;
6283;f7193ec0bb;;;;;;;;;;;;;;;;;JESSUP- FACE COLLETION 5 EN 1 (T503);68820.05;1;6976074375037;;;Sí;;;;;;;;;;;;;;;;;;
6283;f7193ec0bb;;;;;;;;;;;;;;;;;ELF cosmetics - Brow laminating gel;45000;1;;;;Sí;;;;;;;;;;;;;;;;;;
6282;070e1fe3c1;20/07/2026 21:42:10;Archivada;Recibido;Entregado;ARS;97200;19440.00;10196.55;87956.55;Santa Fe;Argentina;Envío Nube - Andreani a domicilio;Transferencia;;21/07/2026;27/07/2026;SHOOW TOOLS - FOXY #3 (10PAIRS);32400;3;850056827102;Móvil;2024018946;Sí;;;;No;;;;;;;;;Transferencia o depósito;;;;;
6281;76a4067985;20/07/2026 11:34:38;Archivada;Recibido;Entregado;ARS;75000.02;15000.00;0;60000.02;Capital Federal;Argentina;MANDO A RETIRAR ;Transferencia;;20/07/2026;21/07/2026;SHOOW TOOLS - TAYLOR (BLACK) (8mm/10mm);30000;2;;Móvil;2018479652;Sí;;;;No;;;;;;;;;Transferencia o depósito;;;;;
6281;76a4067985;;;;;;;;;;;;;;;;;Cepillo para peinado - PULIR (NEGRO);15000.02;1;53131600;;;Sí;;;;;;;;;;;;;;;;;;
6280;e0ebba5490;18/07/2026 22:40:47;Archivada;Recibido;Entregado;ARS;30000;0.00;7824;37824;Gran Buenos Aires;Argentina;Envío Nube - Correo Argentino Clásico a domicilio;Pago Nube;;18/07/2026;23/07/2026;SHOOW TOOLS - TAYLOR (CHOCOLATE) (8/8/10/12 mm);30000;1;;Móvil;2022608678;Sí;;;;No;;;2762.51;1;;;;35061.49;Tarjeta de crédito;18/07/2026 22:40:48;;;;
6279;69685b03c3;18/07/2026 16:13:13;Archivada;Recibido;Entregado;ARS;150600;30120.00;9741;130221;Entre Ríos;Argentina;Envío Nube - Correo Argentino Clásico a domicilio;Transferencia;;18/07/2026;07/08/2026;(PRE- LANZAMIENTO) SHOOW TOOLS - MASCARA GUARD SHIELD (Aplicador de mascara/rimel);9600;1;;Móvil;2022369683;Sí;;;;No;;;;;;;;;Transferencia o depósito;;;;;
6279;69685b03c3;;;;;;;;;;;;;;;;;SHOOW TOOLS - CLARA BOW (BLACK);30000;1;;;;Sí;;;;;;;;;;;;;;;;;;
6279;69685b03c3;;;;;;;;;;;;;;;;;SHOOW TOOLS - The clippers quartette (hebillas) Hair clips;18000;1;;;;Sí;;;;;;;;;;;;;;;;;;
6279;69685b03c3;;;;;;;;;;;;;;;;;SHOOW TOOLS - Elizabeth Taylor (BLACK);30000;1;;;;Sí;;;;;;;;;;;;;;;;;;
6279;69685b03c3;;;;;;;;;;;;;;;;;THE CLUSTER TRIOLOGY (Solo, Solo, Solo);63000;1;1252446698|1252444571|1534920775;;;Sí;;;;;;;;;;;;;;;;;;
6278;e4c7ff7197;16/07/2026 16:35:06;Archivada;Recibido;Enviado;ARS;30000;0.00;4500;34500;Capital Federal;Argentina;@Siempre.Logistica Servicio Premium. Te enviamos un WhatsApp el día anterior a tu entrega con un rango horario de solo 2 a 4hs para que no te quedes esperando todo el día. Ahorrá tiempo.;Pago Nube;;16/07/2026;21/07/2026;SHOOW TOOLS - Elizabeth Taylor (BLACK);30000;1;;Web;2020760191;Sí;;;;No;;;2519.74;1;;862.50;;31117.76;Tarjeta de crédito;16/07/2026 16:35:08;;;;
6277;4c7c465680;16/07/2026 13:45:06;Archivada;Recibido;Entregado;ARS;93000;13950.00;8880;87930;Santa Fe;Argentina;Envío Nube - Correo Argentino Clásico a domicilio;Pago Nube;MASTERGL;16/07/2026;23/07/2026;SHOOW TOOLS - Triangle powder puff (3 units);15000;2;;Móvil;2019182876;Sí;;;;No;;;6422.05;1;;;;81507.95;Tarjeta de crédito;16/07/2026 13:45:07;;;;
6277;4c7c465680;;;;;;;;;;;;;;;;;THE CLUSTER TRIOLOGY (Solo, Solo, Solo);63000;1;1252446698|1252444571|1534920775;;;Sí;;;;;;;;;;;;;;;;;;
6276;32589dd7ce;16/07/2026 10:35:50;Archivada;Recibido;Entregado;ARS;30000;9600.00;0;20400;Gran Buenos Aires;Argentina;Beauty House;Transferencia;WELCOMEBACK;16/07/2026;21/07/2026;SHOOW TOOLS - CLARA BOW (BLACK);30000;1;;Móvil;2020473321;Sí;;;;No;;;;;;;;;Transferencia o depósito;;;;;
6274;1ecd4d4e6e;14/07/2026 12:56:50;Archivada;Recibido;Entregado;ARS;97050.07;19410.01;0;77640.06;Buenos Aires;Argentina;Punto de retiro;Transferencia;;14/07/2026;21/07/2026;BASE PAW PAW - AOA STUDIO (Fair ivory);20000;1;100000109076;Web;1967023197;Sí;;;;No;;;;;;;;;Transferencia o depósito;;;;;
6274;1ecd4d4e6e;;;;;;;;;;;;;;;;;NYX - TAME & FRAME BROW POMADE (Blonde);37049.95;1;800897836658;;;Sí;;;;;;;;;;;;;;;;;;
6274;1ecd4d4e6e;;;;;;;;;;;;;;;;;LA GIRL - Pro HD concealer (corrector) (Medium beige);20000.12;1;081555969783;;;Sí;;;;;;;;;;;;;;;;;;
6274;1ecd4d4e6e;;;;;;;;;;;;;;;;;BASE PAW PAW - AOA STUDIO (Buff);20000;1;100000109083;;;Sí;;;;;;;;;;;;;;;;;;
6272;6bd185ebdd;14/07/2026 10:36:23;Archivada;Recibido;Entregado;ARS;95000;0.00;8880;103880;Córdoba;Argentina;Envío Nube - Correo Argentino Clásico a domicilio;Mercado Pago;;14/07/2026;20/07/2026;KIKO MILANO - Contour obsesion palette (02 medium);95000;1;;Móvil;2018658705;Sí;;;;No;;;;;;;;;Tarjeta de débito;;;;;
6270;01111f7c9d;13/07/2026 10:09:02;Archivada;Recibido;Entregado;ARS;50000;20000.00;7067.5;37067.5;Capital Federal;Argentina;Punto de retiro;Pago Nube;;13/07/2026;22/07/2026;Italia deluxe - Delineadores de labios (Femme fatale);10000;1;082353010639;Móvil;2017685677;Sí;;;;No;;;2707.26;1;;926.69;;33433.55;Tarjeta de crédito;13/07/2026 10:09:04;;;;
6270;01111f7c9d;;;;;;;;;;;;;;;;;Italia deluxe - Delineadores de labios (hot red);10000;1;082353010479;;;Sí;;;;;;;;;;;;;;;;;;
6270;01111f7c9d;;;;;;;;;;;;;;;;;Italia deluxe - Delineadores de labios (Hazelnut);10000;1;082353010646;;;Sí;;;;;;;;;;;;;;;;;;
6270;01111f7c9d;;;;;;;;;;;;;;;;;Italia deluxe - Delineadores de labios (Mauve);10000;1;082353010547;;;Sí;;;;;;;;;;;;;;;;;;
6270;01111f7c9d;;;;;;;;;;;;;;;;;Italia deluxe - Delineadores de labios (Chocolate);10000;1;082353010332;;;Sí;;;;;;;;;;;;;;;;;;
6269;e797832b6e;13/07/2026 09:11:37;Abierta;Recibido;No está empaquetado;ARS;165300.07;33060.01;7067.5;139307.56;Córdoba;Argentina;Punto de retiro;Transferencia;;13/07/2026;;(MAYORISTA) Beauty creations - Wooden Lip Pencil (12 unid);80000;1;;Móvil;2002334421;Sí;;;;No;;;;;;;;;Transferencia o depósito;;;;;
6269;e797832b6e;;;;;;;;;;;;;;;;;JESSUP - PRO BLENDING BRUSH SET 13PCS T338;85300.07;1;6976074373385;;;Sí;;;;;;;;;;;;;;;;;;
6267;144603751e;12/07/2026 11:46:05;Archivada;Recibido;Enviado;ARS;75600;24192.00;6595;58003;Entre Ríos;Argentina;Punto de retiro;Transferencia;AN15;12/07/2026;04/08/2026;(PRE- LANZAMIENTO) SHOOW TOOLS - MASCARA GUARD SHIELD (Aplicador de mascara/rimel);9600;1;;Móvil;2017065418;Sí;;;;No;;;;;;;;;Transferencia o depósito;;;;;
6267;144603751e;;;;;;;;;;;;;;;;;(PRE VENTA) SHOOW TOOLS - ISABEL I (BLACK) (MIXED (8/10/12/14mm));30000;1;;;;Sí;;;;;;;;;;;;;;;;;;
6267;144603751e;;;;;;;;;;;;;;;;;SHOOW TOOLS - FOXY CAT EYE (10PAIRS);36000;1;850056827119;;;Sí;;;;;;;;;;;;;;;;;;
6266;0d788602e9;11/07/2026 20:29:30;Archivada;Recibido;Enviado;ARS;200000;0.00;0;200000;Capital Federal;Argentina;@Siempre.Logistica Servicio Premium. Te enviamos un WhatsApp el día anterior a tu entrega con un rango horario de solo 2 a 4hs para que no te quedes esperando todo el día. Ahorrá tiempo.;Pago Nube;;11/07/2026;16/07/2026;SEPHORA FAVORITES - Prep & Set Makeup and Skincare Value Set;200000;1;;Móvil;2016782476;Sí;;;;No;;;14607.20;1;;5000.00;;180392.80;Tarjeta de crédito;11/07/2026 20:29:33;;;;
6265;1964f247ba;11/07/2026 16:39:00;Archivada;Recibido;Enviado;ARS;32400;0.00;8880;41280;Buenos Aires;Argentina;Envío Nube - Correo Argentino Clásico a domicilio;Mercado Pago;;11/07/2026;15/07/2026;(PRE VENTA) SHOOW TOOLS - FOXY #1 (10PAIRS);32400;1;850056827089;Móvil;2016603048;Sí;;;;No;;;;2;;;;;Tarjeta de crédito;;;;;
6264;1c1aaf9bad;10/07/2026 12:48:58;Archivada;Recibido;Entregado;ARS;54000;0.00;9580;63580;Corrientes;Argentina;Envío Nube - Correo Argentino Clásico a domicilio;Mercado Pago;;10/07/2026;20/07/2026;SHOOW TOOLS - NATURAL SHOOW (10 PAIRS);36000;1;850056827003;Móvil;2015751583;Sí;;;;No;;;;;;;;;Billetera virtual;;;;;
6264;1c1aaf9bad;;;;;;;;;;;;;;;;;AOA STUDIO - PEGA DE PESTAÑAS COREANA;18000;1;3D24A;;;Sí;;;;;;;;;;;;;;;;;;
6263;6d3ddab243;09/07/2026 20:44:37;Abierta;Recibido;No está empaquetado;ARS;19200;3840.00;0;15360;Gran Buenos Aires;Argentina;MANDO A RETIRAR ;Transferencia;;10/07/2026;;(PRE- LANZAMIENTO) SHOOW TOOLS - MASCARA GUARD SHIELD (Aplicador de mascara/rimel);9600;2;;Móvil;2015307822;Sí;;;;No;;;;;;;;;Transferencia o depósito;;;;;
6262;2429d0c811;09/07/2026 11:22:30;Archivada;Recibido;Enviado;ARS;19200;3840.00;7000;22360;Gran Buenos Aires;Argentina;@Siempre.Logistica Servicio Premium. Te enviamos un WhatsApp el día anterior a tu entrega con un rango horario de solo 2 a 4hs para que no te quedes esperando todo el día. Ahorrá tiempo.;Transferencia;;11/07/2026;04/08/2026;(PRE- LANZAMIENTO) SHOOW TOOLS - MASCARA GUARD SHIELD (Aplicador de mascara/rimel);9600;2;;Móvil;2014879227;Sí;;;;No;;;;;;;;;Transferencia o depósito;;;;;
6261;1322f45e51;09/07/2026 09:46:08;Archivada;Recibido;Enviado;ARS;48000;9600.00;4500;42900;Capital Federal;Argentina;@Siempre.Logistica Servicio Premium. Te enviamos un WhatsApp el día anterior a tu entrega con un rango horario de solo 2 a 4hs para que no te quedes esperando todo el día. Ahorrá tiempo.;Transferencia;;09/07/2026;16/07/2026;SHOOW TOOLS - CLARA BOW (BLACK);30000;1;;Móvil;2014802221;Sí;;;;No;;;;;;;;;Transferencia o depósito;;;;;
6261;1322f45e51;;;;;;;;;;;;;;;;;AOA STUDIO - PEGA DE PESTAÑAS COREANA;18000;1;3D24A;;;Sí;;;;;;;;;;;;;;;;;;
6260;31651ce68c;08/07/2026 21:17:04;Archivada;Recibido;Enviado;ARS;95600;19120.00;0;76480;Córdoba;Argentina;Envío personalizado;Transferencia o depósito;POS-ORDER-1783556193013;13/07/2026;21/07/2026;(PRE- LANZAMIENTO) SHOOW TOOLS - MASCARA GUARD SHIELD (Aplicador de mascara/rimel);9600;1;;Punto de venta;2014514019;Sí;Beauty House;;;No;;;;;;;;;Transferencia o depósito;;;;;
6260;31651ce68c;;;;;;;;;;;;;;;;;Italia deluxe - Delineadores de labios (natural beige);10000;1;082353010523;;;Sí;;;;;;;;;;;;;;;;;;
6260;31651ce68c;;;;;;;;;;;;;;;;;Italia deluxe - Delineadores de labios (soft pink);10000;1;082353010417;;;Sí;;;;;;;;;;;;;;;;;;
6260;31651ce68c;;;;;;;;;;;;;;;;;SHOOW TOOLS - TAYLOR (BLACK) (8mm/10mm);30000;1;;;;Sí;;;;;;;;;;;;;;;;;;
6260;31651ce68c;;;;;;;;;;;;;;;;;SHOOW TOOLS - FOXY CAT EYE (10PAIRS);36000;1;850056827119;;;Sí;;;;;;;;;;;;;;;;;;
6259;3231b5e404;08/07/2026 12:51:08;Archivada;Recibido;Entregado;ARS;555300.17;0.00;0;555300.17;Capital Federal;Argentina;MANDO A RETIRAR ;Pago Nube;;08/07/2026;10/07/2026;NARS - Mini Orgasm Blush and Lip Gloss Duo Set;160000.1;2;194251136790;Web;2014096051;Sí;;;;No;;;40556.91;6;89514.38;13882.50;;411346.38;Tarjeta de crédito;08/07/2026 12:51:10;;;;
6259;3231b5e404;;;;;;;;;;;;;;;;;PATRICK TA - MAJOR HEADLINES DOUBLE-TAKE CRÈME & POWDER BLUSH DUO (She's Giving);149999.9;1;843628140105;;;Sí;;;;;;;;;;;;;;;;;;
6259;3231b5e404;;;;;;;;;;;;;;;;;JESSUP - PRO BLENDING BRUSH SET 13PCS T338;85300.07;1;6976074373385;;;Sí;;;;;;;;;;;;;;;;;;
6258;32589dd7ce;07/07/2026 12:26:50;Archivada;Recibido;Entregado;ARS;32400;6480.00;7000;32920;Gran Buenos Aires;Argentina;@Siempre.Logistica Servicio Premium. Te enviamos un WhatsApp el día anterior a tu entrega con un rango horario de solo 2 a 4hs para que no te quedes esperando todo el día. Ahorrá tiempo.;Transferencia;;07/07/2026;17/07/2026;(PRE VENTA) SHOOW TOOLS - FOXY #1 (10PAIRS);32400;1;850056827089;Móvil;2013231455;Sí;;;;No;;;;;;;;;Transferencia o depósito;;;;;
6257;80ba98d5fe;06/07/2026 23:11:01;Abierta;Recibido;No está empaquetado;ARS;100000;0.00;0;100000;Capital Federal;Argentina;@Siempre.Logistica Servicio Premium. Te enviamos un WhatsApp el día anterior a tu entrega con un rango horario de solo 2 a 4hs para que no te quedes esperando todo el día. Ahorrá tiempo.;Mercado Pago;;06/07/2026;;(MAYORISTA) Italia deluxe - Mousse Matte Lipstick (6 unid) (saint);50000;1;;Móvil;2012985437;Sí;;;;No;;;;;;;;;Billetera virtual;;;;;
6257;80ba98d5fe;;;;;;;;;;;;;;;;;(MAYORISTA) Italia deluxe - Mousse Matte Lipstick (6 unid) (pink charm);50000;1;;;;Sí;;;;;;;;;;;;;;;;;;
6256;415c475e4f;06/07/2026 19:07:33;Abierta;Recibido;No está empaquetado;ARS;45601;9120.20;0;36480.8;;Argentina;Retirado en Punto de Venta;Transferencia o depósito;POS-ORDER-1783375638772;13/07/2026;;REGALITO (POLVO COMPACTO / LIP LINER ID / ESPONJA / SET DE PESTAÑAS);1;1;;Punto de venta;2012764378;Sí;Beauty House;;;No;;;;;;;;;Transferencia o depósito;;;;;
6256;415c475e4f;;;;;;;;;;;;;;;;;SHOOW TOOLS - FOXY CAT EYE (10PAIRS);36000;1;850056827119;;;Sí;;;;;;;;;;;;;;;;;;
6256;415c475e4f;;;;;;;;;;;;;;;;;(PRE- LANZAMIENTO) SHOOW TOOLS - MASCARA GUARD SHIELD (Aplicador de mascara/rimel);9600;1;;;;Sí;;;;;;;;;;;;;;;;;;
6255;8676f05f84;06/07/2026 14:33:40;Archivada;Recibido;Enviado;ARS;36000;7200.00;4500;33300;Capital Federal;Argentina;@Siempre.Logistica Servicio Premium. Te enviamos un WhatsApp el día anterior a tu entrega con un rango horario de solo 2 a 4hs para que no te quedes esperando todo el día. Ahorrá tiempo.;Transferencia;;06/07/2026;10/07/2026;SHOOW TOOLS - FOXY CAT EYE (10PAIRS);36000;1;850056827119;Web;2012548549;Sí;;;;No;;;;;;;;;Transferencia o depósito;;;;;
6254;d8c7010703;06/07/2026 12:05:46;Archivada;Recibido;Enviado;ARS;205000.08;20000.00;8880;193880.08;Buenos Aires;Argentina;Envío Nube - Correo Argentino Clásico a domicilio;Pago Nube;;06/07/2026;04/08/2026;Huda Beauty - Labial Resistente (varios tonos) (trendsetter);35000;1;6291107571652;Web;1998948239;Sí;;;;No;;;14160.23;3;25243.18;;;154476.67;Tarjeta de crédito;06/07/2026 12:30:02;;;;
6254;d8c7010703;;;;;;;;;;;;;;;;;Italia deluxe - Delineadores de labios (Mauve);10000;1;082353010547;;;Sí;;;;;;;;;;;;;;;;;;
6254;d8c7010703;;;;;;;;;;;;;;;;;Italia deluxe - Delineadores de labios (natural beige);10000;1;082353010523;;;Sí;;;;;;;;;;;;;;;;;;
6254;d8c7010703;;;;;;;;;;;;;;;;;Italia deluxe - Delineadores de labios (hot red);10000;1;082353010479;;;Sí;;;;;;;;;;;;;;;;;;
6254;d8c7010703;;;;;;;;;;;;;;;;;Italia deluxe - Delineadores de labios (terracotta);10000;1;082353010653;;;Sí;;;;;;;;;;;;;;;;;;
6254;d8c7010703;;;;;;;;;;;;;;;;;Italia deluxe - Delineadores de labios (Femme fatale);10000;1;082353010639;;;Sí;;;;;;;;;;;;;;;;;;
6254;d8c7010703;;;;;;;;;;;;;;;;;Anastasia beverly hills - Labial liquido matte larga duracion. (Stripped);46400;1;689304320689;;;Sí;;;;;;;;;;;;;;;;;;
6254;d8c7010703;;;;;;;;;;;;;;;;;COLOURPOP - LABIAL MATTE ''FLURRIES'';28000;1;165348228;;;Sí;;;;;;;;;;;;;;;;;;
6254;d8c7010703;;;;;;;;;;;;;;;;;SHOOW TOOLS - MINI LIP CONTAINER (5 unid) DEPOTABLES;18000.08;1;;;;Sí;;;;;;;;;;;;;;;;;;
6254;d8c7010703;;;;;;;;;;;;;;;;;SHOOW TOOLS - The clippers quartette (hebillas) Hair clips;18000;1;;;;Sí;;;;;;;;;;;;;;;;;;
6254;d8c7010703;;;;;;;;;;;;;;;;;(PRE- LANZAMIENTO) SHOOW TOOLS - MASCARA GUARD SHIELD (Aplicador de mascara/rimel);9600;1;;;;Sí;;;;;;;;;;;;;;;;;;
6253;01111f7c9d;06/07/2026 11:48:27;Archivada;Recibido;Enviado;ARS;50000;20000.00;4500;34500;Capital Federal;Argentina;@Siempre.Logistica Servicio Premium. Te enviamos un WhatsApp el día anterior a tu entrega con un rango horario de solo 2 a 4hs para que no te quedes esperando todo el día. Ahorrá tiempo.;Pago Nube;;06/07/2026;10/07/2026;Italia deluxe - Delineadores de labios (Brown);10000;1;082353010400;Móvil;2012416936;Sí;;;;No;;;2519.74;1;;862.50;;31117.76;Tarjeta de crédito;06/07/2026 11:48:29;;;;
6253;01111f7c9d;;;;;;;;;;;;;;;;;Italia deluxe - Delineadores de labios (Mauve);10000;1;082353010547;;;Sí;;;;;;;;;;;;;;;;;;
6253;01111f7c9d;;;;;;;;;;;;;;;;;Italia deluxe - Delineadores de labios (natural beige);10000;1;082353010523;;;Sí;;;;;;;;;;;;;;;;;;
6253;01111f7c9d;;;;;;;;;;;;;;;;;Italia deluxe - Delineadores de labios (terracotta);10000;1;082353010653;;;Sí;;;;;;;;;;;;;;;;;;
6253;01111f7c9d;;;;;;;;;;;;;;;;;Italia deluxe - Delineadores de labios (Chocolate);10000;1;082353010332;;;Sí;;;;;;;;;;;;;;;;;;
6252;1c656e2335;06/07/2026 10:38:22;Archivada;Recibido;Entregado;ARS;67999.95;13599.99;0;54399.96;Capital Federal;Argentina;MANDO A RETIRAR ;Transferencia;;06/07/2026;08/07/2026;URBAN DECAY - 24/7 MOONDUST EYESHADOW (SPACE COWBOY);67999.95;1;3605972549686;Móvil;2012364637;Sí;;;;No;;;;;;;;;Transferencia o depósito;;;;;
6251;173de553cc;06/07/2026 09:47:38;Archivada;Recibido;Enviado;ARS;35000;7000.00;7000;35000;Gran Buenos Aires;Argentina;@Siempre.Logistica Servicio Premium. Te enviamos un WhatsApp el día anterior a tu entrega con un rango horario de solo 2 a 4hs para que no te quedes esperando todo el día. Ahorrá tiempo.;Transferencia;;06/07/2026;10/07/2026;Huda Beauty - Labial Resistente (varios tonos) (bombshell);35000;1;6291107571638;Móvil;2009936901;Sí;;;;No;;;;;;;;;Transferencia o depósito;;;;;
6250;2cbddbff6b;05/07/2026 22:54:11;Abierta;Recibido;No está empaquetado;ARS;138440.07;27688.01;0;110752.06;Capital Federal;Argentina;Beauty House;Transferencia;;06/07/2026;;JESSUP - LUXURY LIGHT GRAY COMPREHENSIVE EYE AND FACE BRUSH SET 14PCS T329;110840.07;1;6971093063293;Web;2012129978;Sí;;;;No;;;;;;;;;Transferencia o depósito;;;;;
6250;2cbddbff6b;;;;;;;;;;;;;;;;;(PRE- LANZAMIENTO) SHOOW TOOLS - MASCARA GUARD SHIELD (Aplicador de mascara/rimel);9600;1;;;;Sí;;;;;;;;;;;;;;;;;;
6250;2cbddbff6b;;;;;;;;;;;;;;;;;AOA STUDIO - PEGA DE PESTAÑAS COREANA;18000;1;3D24A;;;Sí;;;;;;;;;;;;;;;;;;
6249;7947564e59;05/07/2026 21:37:03;Archivada;Recibido;Entregado;ARS;150000;78000.00;9004;81004;Gran Buenos Aires;Argentina;Envío Nube - Correo Argentino Clásico a domicilio;Transferencia;;05/07/2026;17/07/2026;(PRE VENTA) SHOOW TOOLS - ISABEL I (BLACK) (MIXED (8/10/12/14mm));30000;5;;Móvil;2009786103;Sí;;;;No;;;;;;;;;Transferencia o depósito;;;;;
6248;92f14a8f81;05/07/2026 20:00:55;Archivada;Recibido;Enviado;ARS;216000;60000.00;7000;163000;Gran Buenos Aires;Argentina;@Siempre.Logistica Servicio Premium. Te enviamos un WhatsApp el día anterior a tu entrega con un rango horario de solo 2 a 4hs para que no te quedes esperando todo el día. Ahorrá tiempo.;Mercado Pago;;05/07/2026;10/07/2026;SHOOW TOOLS - CLARA BOW (BLACK);30000;1;;Móvil;2011984804;Sí;;;;No;;;;1;;;;;Tarjeta de crédito;;;;;
6248;92f14a8f81;;;;;;;;;;;;;;;;;SHOOW TOOLS - Elizabeth Taylor (BLACK);30000;5;;;;Sí;;;;;;;;;;;;;;;;;;
6248;92f14a8f81;;;;;;;;;;;;;;;;;SHOOW TOOLS - FOXY CAT EYE (10PAIRS);36000;1;850056827119;;;Sí;;;;;;;;;;;;;;;;;;
6245;570d276416;03/07/2026 00:13:27;Archivada;Recibido;Enviado;ARS;82000;22160.00;4500;64340;Capital Federal;Argentina;@Siempre.Logistica Servicio Premium. Te enviamos un WhatsApp el día anterior a tu entrega con un rango horario de solo 2 a 4hs para que no te quedes esperando todo el día. Ahorrá tiempo.;Transferencia;;03/07/2026;08/07/2026;Italia deluxe - Delineadores de labios (Brown);10000;1;082353010400;Móvil;2009776916;Sí;;;;No;;;;;;;;;Transferencia o depósito;;;;;
6245;570d276416;;;;;;;;;;;;;;;;;SHOOW TOOLS - NATURAL SHOOW (10 PAIRS);36000;1;850056827003;;;Sí;;;;;;;;;;;;;;;;;;
6245;570d276416;;;;;;;;;;;;;;;;;SHOOW TOOLS - SOFT & SHORT (10PAIRS);36000;1;850056827010;;;Sí;;;;;;;;;;;;;;;;;;
6244;7b915fef8d;02/07/2026 22:04:28;Archivada;Recibido;Entregado;ARS;30000;6000.00;4500;28500;Capital Federal;Argentina;@Siempre.Logistica Servicio Premium. Te enviamos un WhatsApp el día anterior a tu entrega con un rango horario de solo 2 a 4hs para que no te quedes esperando todo el día. Ahorrá tiempo.;Transferencia;;03/07/2026;21/07/2026;(PRE VENTA) SHOOW TOOLS - ISABEL I (BLACK) (MIXED (8/10/12/14mm));30000;1;;Móvil;2009670486;Sí;;;;No;;;;;;;;;Transferencia o depósito;;;;;
6240;618c0a06cc;30/06/2026 21:37:12;Archivada;Recibido;Entregado;ARS;75000.09;15000.02;5439;65439.07;Capital Federal;Argentina;Punto de retiro;Transferencia;;01/07/2026;11/07/2026;JESSUP - 6-IN-3 FACE BRUSH COLLECTION (PEACH DUST) T508;75000.09;1;69760074375082;Móvil;2007748761;Sí;;;;No;;;;;;;;;Transferencia o depósito;;;;;
6238;adcef4ebf1;30/06/2026 12:51:43;Archivada;Recibido;Enviado;ARS;116599.86;25100.00;0;91499.86;Gran Buenos Aires;Argentina;@Siempre.Logistica Servicio Premium. Te enviamos un WhatsApp el día anterior a tu entrega con un rango horario de solo 2 a 4hs para que no te quedes esperando todo el día. Ahorrá tiempo.;Transferencia;;30/06/2026;03/07/2026;Italia deluxe - Delineadores de labios (Natural);10000;1;082353010332;Móvil;2007458033;Sí;;;;No;;;;;;;;;Transferencia o depósito;;;;;
6238;adcef4ebf1;;;;;;;;;;;;;;;;;Italia deluxe - Delineadores de labios (Brown);10000;1;082353010400;;;Sí;;;;;;;;;;;;;;;;;;
6238;adcef4ebf1;;;;;;;;;;;;;;;;;Italia deluxe - Delineadores de labios (Mauve);10000;1;082353010547;;;Sí;;;;;;;;;;;;;;;;;;
6238;adcef4ebf1;;;;;;;;;;;;;;;;;Italia deluxe - Delineadores de labios (natural beige);10000;1;082353010523;;;Sí;;;;;;;;;;;;;;;;;;
6238;adcef4ebf1;;;;;;;;;;;;;;;;;Italia deluxe - Delineadores de labios (hot red);10000;1;082353010479;;;Sí;;;;;;;;;;;;;;;;;;
6238;adcef4ebf1;;;;;;;;;;;;;;;;;SHOOW TOOLS - SO CLASSY (10PAIRS);36000;1;850056827027;;;Sí;;;;;;;;;;;;;;;;;;
6238;adcef4ebf1;;;;;;;;;;;;;;;;;SHOOW TOOLS - Triangle powder puff (3 units);15000;1;;;;Sí;;;;;;;;;;;;;;;;;;
6238;adcef4ebf1;;;;;;;;;;;;;;;;;AOA STUDIO - PAW PAW GLOW ILUMINADOR EN POLVO (Hopeless romantic);15599.86;1;100000123089;;;Sí;;;;;;;;;;;;;;;;;;
6237;0f1a76a47a;29/06/2026 15:23:12;Archivada;Recibido;Enviado;ARS;106000;28240.00;0;77760;Capital Federal;Argentina;@Siempre.Logistica Servicio Premium. Te enviamos un WhatsApp el día anterior a tu entrega con un rango horario de solo 2 a 4hs para que no te quedes esperando todo el día. Ahorrá tiempo.;Transferencia;;29/06/2026;29/06/2026;(PRE VENTA) PEGA DE PESTAÑAS COREANA;18000;1;3D24A;Web;2006828000;Sí;;;;No;;;;;;;;;Transferencia o depósito;;;;;
6237;0f1a76a47a;;;;;;;;;;;;;;;;;THE LASH STATION (Solo, Solo, NEGRO (8/10/12/14mm));52000;1;852865508|534188588|1354729632;;;Sí;;;;;;;;;;;;;;;;;;
6237;0f1a76a47a;;;;;;;;;;;;;;;;;SHOOW TOOLS - NATURAL SHOOW (10 PAIRS);36000;1;850056827003;;;Sí;;;;;;;;;;;;;;;;;;
6236;fad2a4d469;27/06/2026 14:11:17;Archivada;Recibido;Enviado;ARS;139999.98;28000.00;4500;116499.98;Capital Federal;Argentina;@Siempre.Logistica Servicio Premium. Te enviamos un WhatsApp el día anterior a tu entrega con un rango horario de solo 2 a 4hs para que no te quedes esperando todo el día. Ahorrá tiempo.;Transferencia;;29/06/2026;29/06/2026;Glow recipe - Get Glowing With Me(TM) Kit by Katie Fang with Hue Drops Tinted Serum;139999.98;1;;Móvil;2005350000;Sí;;;;No;;;;;;;;;Transferencia o depósito;;;;;
6235;0fefdd1f47;27/06/2026 13:20:18;Archivada;Recibido;Enviado;ARS;50000;20000.00;4500;34500;Capital Federal;Argentina;@Siempre.Logistica Servicio Premium. Te enviamos un WhatsApp el día anterior a tu entrega con un rango horario de solo 2 a 4hs para que no te quedes esperando todo el día. Ahorrá tiempo.;Transferencia;;29/06/2026;29/06/2026;Italia deluxe - Delineadores de labios (hot cocoa);10000;1;082353010608;Móvil;2005297233;Sí;;;;No;;;;;;;;;Transferencia o depósito;;;;;
6235;0fefdd1f47;;;;;;;;;;;;;;;;;Italia deluxe - Delineadores de labios (Brown);10000;1;082353010400;;;Sí;;;;;;;;;;;;;;;;;;
6235;0fefdd1f47;;;;;;;;;;;;;;;;;Italia deluxe - Delineadores de labios (terracotta);10000;1;082353010653;;;Sí;;;;;;;;;;;;;;;;;;
6235;0fefdd1f47;;;;;;;;;;;;;;;;;Italia deluxe - Delineadores de labios (natural beige);10000;1;082353010523;;;Sí;;;;;;;;;;;;;;;;;;
6235;0fefdd1f47;;;;;;;;;;;;;;;;;Italia deluxe - Delineadores de labios (Mauve);10000;1;082353010547;;;Sí;;;;;;;;;;;;;;;;;;
6232;9ab46b493d;26/06/2026 21:44:45;Archivada;Recibido;Entregado;ARS;36000;7200.00;9580;38380;Corrientes;Argentina;Envío Nube - Correo Argentino Clásico a domicilio;Transferencia;;27/06/2026;03/07/2026;SHOOW TOOLS - SO CLASSY (10PAIRS);36000;1;850056827027;Móvil;2004968444;Sí;;;;No;;;;;;;;;Transferencia o depósito;;;;;
6231;0f388483f2;25/06/2026 22:40:05;Archivada;Recibido;Entregado;ARS;90000;21150.00;9741;78591;La Pampa;Argentina;Envío Nube - Correo Argentino Clásico a domicilio;Mercado Pago;FABIPRO;25/06/2026;06/07/2026;SHOOW TOOLS - CLARA BOW (BLACK);30000;1;;Móvil;2004266582;Sí;;;;No;;;;;;;;;Tarjeta de débito;;;;;
6231;0f388483f2;;;;;;;;;;;;;;;;;SHOOW TOOLS - ISABEL I (BLACK) (8mm/10mm);30000;1;;;;Sí;;;;;;;;;;;;;;;;;;
6231;0f388483f2;;;;;;;;;;;;;;;;;SHOOW TOOLS - ISABEL I (CHOCOLATE) (8/8/10/12 mm);30000;1;;;;Sí;;;;;;;;;;;;;;;;;;
6230;a703308c6e;25/06/2026 22:34:53;Archivada;Recibido;Enviado;ARS;60000;16800.00;7000;50200;Gran Buenos Aires;Argentina;@Siempre.Logistica Servicio Premium. Te enviamos un WhatsApp el día anterior a tu entrega con un rango horario de solo 2 a 4hs para que no te quedes esperando todo el día. Ahorrá tiempo.;Transferencia;;26/06/2026;29/06/2026;SHOOW TOOLS - ISABEL I (BLACK) (8mm/10mm);30000;2;;Móvil;2004266887;Sí;;;;No;;;;;;;;;Transferencia o depósito;;;;;
6228;cb4630b03f;24/06/2026 22:31:50;Archivada;Recibido;Enviado;ARS;150000;0.00;4500;154500;Capital Federal;Argentina;@Siempre.Logistica Servicio Premium. Te enviamos un WhatsApp el día anterior a tu entrega con un rango horario de solo 2 a 4hs para que no te quedes esperando todo el día. Ahorrá tiempo.;Pago Nube;;24/06/2026;26/06/2026;Rare Beauty - Soft Pinch Cheek & Lip Trio;150000;1;;Móvil;2003520361;Sí;;;;No;;;11284.06;3;20115.90;3862.50;;119237.54;Tarjeta de crédito;24/06/2026 22:31:54;;;;
6227;96d4b132fe;24/06/2026 19:32:59;Archivada;Recibido;Entregado;ARS;58800;0.00;5439;64239;Gran Buenos Aires;Argentina;Punto de retiro;Pago Nube;;24/06/2026;06/07/2026;MUA's FAVORITES (Solo, MIXED (8/10/12/14mm), Solo);58800;1;542120948|1371531957|839175688;Móvil;2003371247;Sí;;;;No;;;4691.75;1;;;;59547.25;Tarjeta de crédito;24/06/2026 19:33:03;;;;
6226;fb7031dffe;24/06/2026 10:12:50;Archivada;Recibido;Enviado;ARS;30000;0.00;4500;34500;Capital Federal;Argentina;@Siempre.Logistica Servicio Premium. Te enviamos un WhatsApp el día anterior a tu entrega con un rango horario de solo 2 a 4hs para que no te quedes esperando todo el día. Ahorrá tiempo.;Pago Nube;;24/06/2026;26/06/2026;SHOOW TOOLS - CLARA BOW (BLACK);30000;1;;Móvil;2002985647;Sí;;;;No;;;2519.74;1;;862.50;;31117.76;Tarjeta de crédito;24/06/2026 10:12:52;;;;
6225;7947564e59;23/06/2026 22:30:38;Archivada;Recibido;Entregado;ARS;63000;12600.00;8591;58991;Gran Buenos Aires;Argentina;Envío Nube - Correo Argentino Expreso a domicilio;Transferencia;;23/06/2026;29/06/2026;SHOOW TOOLS - ISABEL I (BLACK) (8mm/10mm);30000;1;;Móvil;2002521926;Sí;;;;No;;;;;;;;;Transferencia o depósito;;;;;
6225;7947564e59;;;;;;;;;;;;;;;;;SHOOW TOOLS - The clippers quartette (hebillas) Hair clips;18000;1;;;;Sí;;;;;;;;;;;;;;;;;;
6225;7947564e59;;;;;;;;;;;;;;;;;SHOOW TOOLS - The triangle powder puff duo;15000;1;;;;Sí;;;;;;;;;;;;;;;;;;
6224;b1e23c2b1b;23/06/2026 17:53:57;Archivada;Recibido;Entregado;ARS;42879.88;0.00;7824;50703.88;Gran Buenos Aires;Argentina;Envío Nube - Correo Argentino Clásico a domicilio;Mercado Pago;;23/06/2026;27/06/2026;NYX COSMETICS - BUTTERMELT BRONZER (ALL BUTTAD UP);42879.88;1;800897254698;Móvil;2002528950;Sí;;;;No;;;;;;;;;Billetera virtual;;;;;
6223;d276140028;23/06/2026 12:44:12;Archivada;Recibido;Entregado;ARS;60000;12000.00;9490;57490;Buenos Aires;Argentina;Envío Nube - Correo Argentino Clásico a domicilio;Transferencia;;23/06/2026;30/06/2026;SHOOW TOOLS - TAYLOR (BLACK) (MIXED (8/10/12/14mm));30000;1;;Web;1982231635;Sí;;;;No;;;;;;;;;Transferencia o depósito;;;;;
6223;d276140028;;;;;;;;;;;;;;;;;SHOOW TOOLS - TWIGGY (NEGRO (8/10/12/14mm));30000;1;;;;Sí;;;;;;;;;;;;;;;;;;
6222;a51f2d1e46;23/06/2026 12:32:39;Archivada;Recibido;Enviado;ARS;71999.96;14399.99;7000;64599.97;Gran Buenos Aires;Argentina;@Siempre.Logistica Servicio Premium. Te enviamos un WhatsApp el día anterior a tu entrega con un rango horario de solo 2 a 4hs para que no te quedes esperando todo el día. Ahorrá tiempo.;Transferencia;;23/06/2026;26/06/2026;SHOOW TOOLS - CLARA BOW (BLACK);30000;1;;Móvil;2002291618;Sí;;;;No;;;;;;;;;Transferencia o depósito;;;;;
6222;a51f2d1e46;;;;;;;;;;;;;;;;;SHOOW TOOLS - ISABEL I (BLACK) (8mm/10mm);30000;1;;;;Sí;;;;;;;;;;;;;;;;;;
6222;a51f2d1e46;;;;;;;;;;;;;;;;;AOA STUDIO - ESPONJA MOCHI;11999.96;1;100000100523;;;Sí;;;;;;;;;;;;;;;;;;
6220;834781721c;22/06/2026 18:00:40;Archivada;Recibido;Entregado;ARS;75350.06;15070.01;0;60280.05;Capital Federal;Argentina;Beauty House;Efectivo (Billete);;25/06/2026;25/06/2026;Schwarzkopf - GOT2B gel;30000;1;052336341456;Web;2000191335;Sí;;;;No;;;;;;;;;Efectivo;;;;;
6220;834781721c;;;;;;;;;;;;;;;;;MILANI - BLUSH LUMINOSO (TRAVEL SIZE) 1G;25350.06;1;717489829014;;;Sí;;;;;;;;;;;;;;;;;;
6220;834781721c;;;;;;;;;;;;;;;;;Italia deluxe - Delineadores de labios (Hazelnut);10000;1;082353010646;;;Sí;;;;;;;;;;;;;;;;;;
6220;834781721c;;;;;;;;;;;;;;;;;Italia deluxe - Delineadores de labios (Brown);10000;1;082353010400;;;Sí;;;;;;;;;;;;;;;;;;
6216;328fdd46af;21/06/2026 22:15:30;Archivada;Recibido;Entregado;ARS;30000;6000.00;0;24000;Capital Federal;Argentina;Beauty House;Efectivo (Billete);;25/06/2026;25/06/2026;SHOOW TOOLS - TAYLOR (BLACK) (8mm/10mm);30000;1;;Móvil;2001184643;Sí;;;;No;;;;;;;;;Efectivo;;;;;
6214;de05b57dc9;21/06/2026 21:22:36;Archivada;Recibido;Entregado;ARS;30000;9600.00;6379;26779;Santa Fe;Argentina;Punto de retiro;Transferencia;LUCIAN15;22/06/2026;26/06/2026;SHOOW TOOLS - CLARA BOW (BLACK);30000;1;;Móvil;2001121673;Sí;;;;No;;;;;;;;;Transferencia o depósito;;;;;
6213;b24edf34fa;21/06/2026 14:29:09;Archivada;Recibido;Entregado;ARS;36000;7200.00;9580;38380;Mendoza;Argentina;Envío Nube - Correo Argentino Clásico a domicilio;Transferencia;;22/06/2026;26/06/2026;SHOOW TOOLS - SO CLASSY (10PAIRS);36000;1;850056827027;Móvil;2000838437;Sí;;;;No;;;;;;;;;Transferencia o depósito;;;;;
6212;a43203b727;20/06/2026 16:11:10;Archivada;Recibido;Entregado;ARS;80000;16000.00;8880;72880;Córdoba;Argentina;Envío Nube - Correo Argentino Clásico a domicilio;Transferencia;;21/06/2026;25/06/2026;(MAYORISTA) Beauty creations - Wooden Lip Pencil (12 unid);80000;1;;Móvil;2000103350;Sí;;;;No;;;;;;;;;Transferencia o depósito;;;;;
6211;45231c3a94;19/06/2026 16:26:30;Archivada;Recibido;Entregado;ARS;30000;6000.00;9580;33580;Mendoza;Argentina;Envío Nube - Correo Argentino Clásico a domicilio;Transferencia;;21/06/2026;25/06/2026;SHOOW TOOLS - ISABEL I (BLACK) (8mm/10mm);30000;1;;Móvil;1999631949;Sí;;;;No;;;;;;;;;Transferencia o depósito;;;;;
6210;7540251dfc;19/06/2026 16:02:30;Archivada;Recibido;Entregado;ARS;40000;8000.00;0;32000;Capital Federal;Argentina;MANDO A RETIRAR ;Transferencia;;21/06/2026;22/06/2026;"BH - PESTAÑAS ""SOCIAL DRAG VIBE"" (20 PARES)";40000;1;;Móvil;1999616537;Sí;;;;No;;;;;;;;;Transferencia o depósito;;;;;
6208;77410c0b14;19/06/2026 09:51:36;Archivada;Recibido;Enviado;ARS;126000;0.00;4500;130500;Capital Federal;Argentina;@Siempre.Logistica Servicio Premium. Te enviamos un WhatsApp el día anterior a tu entrega con un rango horario de solo 2 a 4hs para que no te quedes esperando todo el día. Ahorrá tiempo.;Pago Nube;;19/06/2026;25/06/2026;THE CLUSTER TRILOGY (Solo, Solo, Solo);63000;2;1252446698|1252444571|1534920775;Móvil;1987811406;Sí;;;;No;;;9531.20;3;12913.23;3262.50;;104793.07;Tarjeta de crédito;19/06/2026 09:51:40;;;;
6207;4a605e77d2;17/06/2026 23:44:13;Archivada;Recibido;Enviado;ARS;40000;0.00;4500;44500;Capital Federal;Argentina;@Siempre.Logistica Servicio Premium. Te enviamos un WhatsApp el día anterior a tu entrega con un rango horario de solo 2 a 4hs para que no te quedes esperando todo el día. Ahorrá tiempo.;Mercado Pago;;17/06/2026;03/07/2026;(MAYORISTA) AOA STUDIO - PEGA DE PESTAÑAS LASH GLUE - (4 unid);40000;1;3D24A;Móvil;1997318768;Sí;;;;No;;;;;;;;;Billetera virtual;;;;;
6205;64251fd404;17/06/2026 04:26:40;Archivada;Recibido;Entregado;ARS;36000;5400.00;9776;40376;Santa Fe;Argentina;Envío Nube - Correo Argentino Clásico a domicilio;Pago Nube;LUCIAN15;17/06/2026;25/06/2026;SHOOW TOOLS - FOXY CAT EYE (10PAIRS);36000;1;850056827119;Móvil;1997704326;Sí;;;;No;;;2948.90;1;;;;37427.10;Tarjeta de crédito;17/06/2026 04:26:45;;;;
6204;e3bfd16ca7;16/06/2026 16:23:57;Archivada;Recibido;Entregado;ARS;30000;6000.00;8600;32600;Buenos Aires;Argentina;Envío Nube - Correo Argentino Clásico a domicilio;Transferencia;;16/06/2026;18/06/2026;SHOOW TOOLS - ISABEL I (BLACK) (8mm/10mm);30000;1;;Móvil;1997294787;Sí;;;;No;;;;;;;;;Transferencia o depósito;;;;;
6203;96c715a40c;16/06/2026 08:23:32;Archivada;Recibido;Entregado;ARS;66000;0.00;10196.55;76196.55;Buenos Aires;Argentina;Envío Nube - Andreani a domicilio;Pago Nube;;16/06/2026;19/06/2026;SHOOW TOOLS - FOXY CAT EYE (10PAIRS);36000;1;850056827119;Móvil;1989818999;Sí;;;;No;;;5565.09;1;;;;70631.46;Tarjeta de crédito;16/06/2026 08:23:33;;;;
6203;96c715a40c;;;;;;;;;;;;;;;;;SHOOW TOOLS - CLARA BOW (BLACK);30000;1;;;;Sí;;;;;;;;;;;;;;;;;;
6202;cc7172b40a;15/06/2026 22:44:13;Archivada;Recibido;Entregado;ARS;72000;0.00;10612;82612;Jujuy;Argentina;Envío Nube - Correo Argentino Clásico a domicilio;Mercado Pago;;15/06/2026;19/06/2026;SHOOW TOOLS - FOXY CAT EYE (10PAIRS);36000;2;850056827119;Móvil;1996763951;Sí;;;;No;;;;;;;;;Billetera virtual;;;;;
6201;00e9f30697;15/06/2026 13:50:29;Archivada;Recibido;No está empaquetado;ARS;50000;10000.00;0;40000;Capital Federal;Argentina;Beauty House;Transferencia;;15/06/2026;;Italia deluxe - Delineadores de labios (Hazelnut);10000;1;082353010646;Móvil;1996325500;Sí;;;;No;;;;;;;;;Transferencia o depósito;;;;;
6201;00e9f30697;;;;;;;;;;;;;;;;;Italia deluxe - Delineadores de labios (Chocolate);10000;1;082353010332;;;Sí;;;;;;;;;;;;;;;;;;
6201;00e9f30697;;;;;;;;;;;;;;;;;Italia deluxe - Delineadores de labios (Brown);10000;1;082353010400;;;Sí;;;;;;;;;;;;;;;;;;
6201;00e9f30697;;;;;;;;;;;;;;;;;Italia deluxe - Delineadores de labios (terracotta);10000;1;082353010653;;;Sí;;;;;;;;;;;;;;;;;;
6201;00e9f30697;;;;;;;;;;;;;;;;;Italia deluxe - Delineadores de labios (hot cocoa);10000;1;082353010608;;;Sí;;;;;;;;;;;;;;;;;;
6200;4aacf19212;14/06/2026 23:52:45;Archivada;Recibido;Entregado;ARS;36000;7200.00;9776;38576;Santa Fe;Argentina;Envío Nube - Correo Argentino Clásico a domicilio;Transferencia;;15/06/2026;22/06/2026;SHOOW TOOLS - FOXY CAT EYE (10PAIRS);36000;1;850056827119;Móvil;1982669177;Sí;;;;No;;;;;;;;;Transferencia o depósito;;;;;
6199;cffa0fa9bc;14/06/2026 15:37:07;Archivada;Recibido;Enviado;ARS;15000;4800.00;7000;17200;Gran Buenos Aires;Argentina;Siempre EXPRESS Servicio Premium. Te enviamos un WhatsApp el día anterior a tu entrega con un rango horario de solo 2 a 4hs para que no te quedes esperando todo el día. Ahorrá tiempo.;Transferencia;FABIPRO;16/06/2026;17/06/2026;SHOOW TOOLS - The triangle powder puff duo;15000;1;;Web;1995545412;Sí;;;;No;;;;;;;;;Transferencia o depósito;;;;;
6198;b77ae7797c;14/06/2026 15:19:31;Archivada;Recibido;Enviado;ARS;30000;6000.00;4000;28000;Capital Federal;Argentina;Siempre EXPRESS Servicio Premium. Te enviamos un WhatsApp el día anterior a tu entrega con un rango horario de solo 2 a 4hs para que no te quedes esperando todo el día. Ahorrá tiempo.;Transferencia;;15/06/2026;17/06/2026;SHOOW TOOLS - ISABEL I (BLACK) (8mm/10mm);30000;1;;Móvil;1995594538;Sí;;;;No;;;;;;;;;Transferencia o depósito;;;;;
6196;a885814307;13/06/2026 16:09:23;Archivada;Recibido;Entregado;ARS;66000;0.00;0;66000;Gran Buenos Aires;Argentina;Beauty House;Mercado Pago;;13/06/2026;13/06/2026;SHOOW TOOLS - SOFT & SHORT (10PAIRS);36000;1;850056827010;Móvil;1991599933;Sí;;;;No;;;;;;;;;Billetera virtual;;;;;
6196;a885814307;;;;;;;;;;;;;;;;;SHOOW TOOLS - Elizabeth Taylor (BLACK);30000;1;;;;Sí;;;;;;;;;;;;;;;;;;
6195;1c7a8bd891;12/06/2026 22:08:57;Archivada;Recibido;Entregado;ARS;60000;19200.00;8885;49685;Buenos Aires;Argentina;Envío Nube - Correo Argentino Clásico a domicilio;Transferencia;LUCIAN15;13/06/2026;18/06/2026;SHOOW TOOLS - CLARA BOW (BLACK);30000;1;;Móvil;1994504394;Sí;;;;No;;;;;;;;;Transferencia o depósito;;;;;
6195;1c7a8bd891;;;;;;;;;;;;;;;;;SHOOW TOOLS - TWIGGY (NEGRO (8/10/12/14mm));30000;1;;;;Sí;;;;;;;;;;;;;;;;;;
6191;e60495768d;11/06/2026 07:37:00;Archivada;Recibido;Entregado;ARS;36000;7200.00;0;28800;Gran Buenos Aires;Argentina;Beauty House;Efectivo (Billete);;13/06/2026;13/06/2026;SHOOW TOOLS - FUFFLY (10PAIRS);36000;1;850056827072;Móvil;1993115685;Sí;;;;No;;;;;;;;;Efectivo;;;;;
6190;f7168a27a3;10/06/2026 14:30:05;Archivada;Recibido;Entregado;ARS;172000;51600.00;0;120400;;Argentina;Retirado en Punto de Venta;Transferencia o depósito;POS-ORDER-1781112353315;10/06/2026;11/06/2026;SHOOW TOOLS - TWIGGY (BLACK) (MIXED (8/10/12/14mm));30000;1;;Punto de venta;1992556018;Sí;Beauty House;;;No;;;;;;;;;Transferencia o depósito;;;;;
6190;f7168a27a3;;;;;;;;;;;;;;;;;SHOOW TOOLS - FOXY CAT EYE (10PAIRS);36000;1;850056827119;;;Sí;;;;;;;;;;;;;;;;;;
6190;f7168a27a3;;;;;;;;;;;;;;;;;SHOOW TOOLS - VOLUMINOSAS (10PAIRS);36000;1;850056827058;;;Sí;;;;;;;;;;;;;;;;;;
6190;f7168a27a3;;;;;;;;;;;;;;;;;(MAYORISTA) AOA STUDIO - PEGA DE PESTAÑAS LASH GLUE - (4 unid);40000;1;3D24A;;;Sí;;;;;;;;;;;;;;;;;;
6190;f7168a27a3;;;;;;;;;;;;;;;;;Schwarzkopf - GOT2B gel;30000;1;052336341456;;;Sí;;;;;;;;;;;;;;;;;;
6189;cc1f481150;09/06/2026 16:14:12;Cancelada;Recibido;No está empaquetado;ARS;126000.08;25200.02;0;100800.06;Buenos Aires;Argentina;Envío personalizado;Transferencia o depósito;POS-ORDER-1781032405795;10/06/2026;;SHOOW TOOLS - MINI LIP CONTAINER (5 unid);18000.08;1;;Punto de venta;1991747369;Sí;Beauty House;10/06/2026 11:44:51;El cliente cambió de idea;No;;;;;;;;;Transferencia o depósito;;;;;
6189;cc1f481150;;;;;;;;;;;;;;;;;SHOOW TOOLS - MANIQUI DE SILICONA PARA MAQUILLAJES (Grises);38000;1;888877776666;;;Sí;;;;;;;;;;;;;;;;;;
6189;cc1f481150;;;;;;;;;;;;;;;;;Schwarzkopf - GOT2B gel;30000;1;052336341456;;;Sí;;;;;;;;;;;;;;;;;;
6189;cc1f481150;;;;;;;;;;;;;;;;;(MAYORISTA) AOA STUDIO - PEGA DE PESTAÑAS LASH GLUE - (4 unid);40000;1;3D24A;;;Sí;;;;;;;;;;;;;;;;;;
6188;cc1f481150;09/06/2026 15:40:23;Archivada;Recibido;Entregado;ARS;126000.08;11200.02;0;114800.06;Buenos Aires;Argentina;Punto de retiro;Transferencia;;10/06/2026;19/06/2026;(MAYORISTA) AOA STUDIO - PEGA DE PESTAÑAS LASH GLUE - (4 unid);40000;1;3D24A;Móvil;1991672529;Sí;;;;No;;;;;;;;;Transferencia o depósito;;;;;
6188;cc1f481150;;;;;;;;;;;;;;;;;SHOOW TOOLS - MANIQUI DE SILICONA PARA MAQUILLAJES (Grises);38000;1;888877776666;;;Sí;;;;;;;;;;;;;;;;;;
6188;cc1f481150;;;;;;;;;;;;;;;;;SHOOW TOOLS - MINI LIP CONTAINER (5 unid);18000.08;1;;;;Sí;;;;;;;;;;;;;;;;;;
6188;cc1f481150;;;;;;;;;;;;;;;;;Schwarzkopf - GOT2B gel;30000;1;052336341456;;;Sí;;;;;;;;;;;;;;;;;;
6187;85f298dd5e;08/06/2026 21:18:57;Archivada;Recibido;Entregado;ARS;45000;9000.00;10196.55;46196.55;Buenos Aires;Argentina;Envío Nube - Andreani a domicilio;Transferencia;;09/06/2026;12/06/2026;SHOOW TOOLS - Triangle powder puff (3 units);15000;1;;Móvil;1991059193;Sí;;;;No;;;;;;;;;Transferencia o depósito;;;;;
6187;85f298dd5e;;;;;;;;;;;;;;;;;SHOOW TOOLS - ISABEL I (BLACK) (8mm/10mm);30000;1;;;;Sí;;;;;;;;;;;;;;;;;;
6186;723aa4f547;08/06/2026 12:54:02;Archivada;Recibido;Enviado;ARS;130749.91;24300.00;4000;110449.91;Capital Federal;Argentina;Siempre EXPRESS Servicio Premium. Te enviamos un WhatsApp el día anterior a tu entrega con un rango horario de solo 2 a 4hs para que no te quedes esperando todo el día. Ahorrá tiempo.;Pago Nube;;08/06/2026;10/06/2026;SHOOW TOOLS - CLARA BOW (BLACK);30000;1;;Móvil;1990601992;Sí;;;;No;;;8066.81;1;;2761.25;;99621.85;Tarjeta de crédito;08/06/2026 12:54:04;;;;
6186;723aa4f547;;;;;;;;;;;;;;;;;SHOOW TOOLS - FOXY #1 (10PAIRS);36000;1;850056827089;;;Sí;;;;;;;;;;;;;;;;;;
6186;723aa4f547;;;;;;;;;;;;;;;;;AOA STUDIO - TOALLA DESMAQUILLANTE DE MICROFIBRA;9749.91;1;100000119846;;;Sí;;;;;;;;;;;;;;;;;;
6186;723aa4f547;;;;;;;;;;;;;;;;;SHOOW TOOLS - The triangle powder puff duo;15000;1;;;;Sí;;;;;;;;;;;;;;;;;;
6186;723aa4f547;;;;;;;;;;;;;;;;;(MAYORISTA) AOA STUDIO - PEGA DE PESTAÑAS LASH GLUE - (4 unid);40000;1;3D24A;;;Sí;;;;;;;;;;;;;;;;;;
6185;68f60b1cb8;07/06/2026 13:36:35;Archivada;Recibido;Entregado;ARS;492000;88800.00;11279;414479;Buenos Aires;Argentina;Envío Nube - Correo Argentino Clásico a domicilio;Transferencia;;07/06/2026;17/06/2026;SHOOW TOOLS - SO CLASSY (10PAIRS);36000;1;850056827027;Móvil;1989756375;Sí;;;;No;;;;;;;;;Transferencia o depósito;;;;;
6185;68f60b1cb8;;;;;;;;;;;;;;;;;SHOOW TOOLS - ISABEL I (CHOCOLATE) (8/8/10/12 mm);30000;2;;;;Sí;;;;;;;;;;;;;;;;;;
6185;68f60b1cb8;;;;;;;;;;;;;;;;;SHOOW TOOLS - ISABEL I (BLACK) (MIXED (8/10/12/14mm));30000;2;;;;Sí;;;;;;;;;;;;;;;;;;
6185;68f60b1cb8;;;;;;;;;;;;;;;;;SHOOW TOOLS - SOFT & SHORT (10PAIRS);36000;1;850056827010;;;Sí;;;;;;;;;;;;;;;;;;
6185;68f60b1cb8;;;;;;;;;;;;;;;;;SHOOW TOOLS - CLARA BOW (BLACK);30000;1;;;;Sí;;;;;;;;;;;;;;;;;;
6185;68f60b1cb8;;;;;;;;;;;;;;;;;Charlotte tilbury - Mini Iconic Lip Cheat Lip Liner Trio;120000;1;;;;Sí;;;;;;;;;;;;;;;;;;
6185;68f60b1cb8;;;;;;;;;;;;;;;;;Rare Beauty - Soft Pinch Cheek & Lip Trio;150000;1;;;;Sí;;;;;;;;;;;;;;;;;;
6184;7865a59f92;07/06/2026 02:07:28;Archivada;Recibido;Enviado;ARS;36000;7200.00;4000;32800;Capital Federal;Argentina;Siempre EXPRESS Servicio Premium. Te enviamos un WhatsApp el día anterior a tu entrega con un rango horario de solo 2 a 4hs para que no te quedes esperando todo el día. Ahorrá tiempo.;Mercado Pago;;07/06/2026;10/06/2026;SHOOW TOOLS - FOXY #1 (10PAIRS);36000;1;850056827089;Móvil;1989500293;Sí;;;;No;;;;;;;;;Tarjeta de débito;;;;;
6183;a92940ce77;06/06/2026 20:19:10;Archivada;Recibido;Entregado;ARS;216000;86400.00;10674.95;140274.95;Jujuy;Argentina;Envío Nube - Andreani a domicilio;Mercado Pago;;06/06/2026;17/06/2026;SHOOW TOOLS - FUFFLY (10PAIRS);36000;6;850056827072;Móvil;1989301564;Sí;;;;No;;;;;;;;;Tarjeta de débito;;;;;
6182;4e6ee6e057;06/06/2026 01:17:01;Archivada;Recibido;Enviado;ARS;56000;11200.00;7000;51800;Gran Buenos Aires;Argentina;Siempre EXPRESS Servicio Premium. Te enviamos un WhatsApp el día anterior a tu entrega con un rango horario de solo 2 a 4hs para que no te quedes esperando todo el día. Ahorrá tiempo.;Pago Nube;;06/06/2026;10/06/2026;SHOOW TOOLS - MANIQUI DE SILICONA PARA MAQUILLAJES (Grises);38000;1;888877776666;Móvil;1988714807;Sí;;;;No;;;3783.26;1;;;;48016.74;Tarjeta de crédito;06/06/2026 01:17:05;;;;
6182;4e6ee6e057;;;;;;;;;;;;;;;;;SHOOW TOOLS - The clippers quartette (hebillas) Hair clips;18000;1;;;;Sí;;;;;;;;;;;;;;;;;;
6181;d58727b33a;05/06/2026 22:32:42;Archivada;Recibido;Enviado;ARS;30000;6000.00;4000;28000;Capital Federal;Argentina;Siempre EXPRESS Servicio Premium. Te enviamos un WhatsApp el día anterior a tu entrega con un rango horario de solo 2 a 4hs para que no te quedes esperando todo el día. Ahorrá tiempo.;Transferencia;;06/06/2026;10/06/2026;Schwarzkopf - GOT2B gel;30000;1;052336341456;Móvil;1988536468;Sí;;;;No;;;;;;;;;Transferencia o depósito;;;;;
6178;30f1b1096c;05/06/2026 15:04:33;Archivada;Recibido;Entregado;ARS;257000;254000.00;0;3000;;Argentina;Retirado en Punto de Venta;LINK DE PAGO 3 CUOTAS;POS-ORDER-1780681871897;05/06/2026;05/06/2026;SHOOW TOOLS - FOXY CAT EYE (10PAIRS);36000;1;850056827119;Punto de venta;1988282575;Sí;Beauty House;;;No;;;;;;;;;A convenir;;;;;
6178;30f1b1096c;;;;;;;;;;;;;;;;;SHOOW TOOLS - ISABEL I (BLACK) (8mm/10mm);30000;1;;;;Sí;;;;;;;;;;;;;;;;;;
6178;30f1b1096c;;;;;;;;;;;;;;;;;SHOOW TOOLS - TWIGGY (BLACK) (8mm/10mm);30000;1;;;;Sí;;;;;;;;;;;;;;;;;;
6178;30f1b1096c;;;;;;;;;;;;;;;;;SHOOW TOOLS - TWIGGY (BLACK) (MIXED (8/10/12/14mm));30000;1;;;;Sí;;;;;;;;;;;;;;;;;;
6178;30f1b1096c;;;;;;;;;;;;;;;;;SHOOW TOOLS - WET N WILD (BLACK);30000;1;;;;Sí;;;;;;;;;;;;;;;;;;
6178;30f1b1096c;;;;;;;;;;;;;;;;;SHOOW TOOLS - Elizabeth Taylor (BLACK);30000;1;;;;Sí;;;;;;;;;;;;;;;;;;
6178;30f1b1096c;;;;;;;;;;;;;;;;;SHOOW TOOLS - SET UP MAKEUP ORGANIZER + 2 DIVIDERS;38000;1;85005682324;;;Sí;;;;;;;;;;;;;;;;;;
6178;30f1b1096c;;;;;;;;;;;;;;;;;SHOOW TOOLS - The clippers quartette (hebillas) Hair clips;18000;1;;;;Sí;;;;;;;;;;;;;;;;;;
6178;30f1b1096c;;;;;;;;;;;;;;;;;SHOOW TOOLS - Triangle powder puff (3 units);15000;1;;;;Sí;;;;;;;;;;;;;;;;;;
6177;30f1b1096c;05/06/2026 14:40:40;Archivada;Recibido;Entregado;ARS;290000;290000.00;0;0;;Argentina;Retirado en Punto de Venta;Transferencia o depósito;POS-ORDER-1780681227985;05/06/2026;05/06/2026;SHOOW TOOLS - FOXY CAT EYE (10PAIRS);36000;1;850056827119;Punto de venta;1988263145;Sí;Beauty House;;;No;;;;;;;;;Transferencia o depósito;;;;;
6177;30f1b1096c;;;;;;;;;;;;;;;;;SHOOW TOOLS - TWIGGY (BLACK) (MIXED (8/10/12/14mm));30000;1;;;;Sí;;;;;;;;;;;;;;;;;;
6177;30f1b1096c;;;;;;;;;;;;;;;;;SHOOW TOOLS - CLARA BOW (BLACK);30000;1;;;;Sí;;;;;;;;;;;;;;;;;;
6177;30f1b1096c;;;;;;;;;;;;;;;;;SHOOW TOOLS - SOFT & SHORT (10PAIRS);36000;1;850056827010;;;Sí;;;;;;;;;;;;;;;;;;
6177;30f1b1096c;;;;;;;;;;;;;;;;;SHOOW TOOLS - Triangle powder puff (3 units);15000;2;;;;Sí;;;;;;;;;;;;;;;;;;
6177;30f1b1096c;;;;;;;;;;;;;;;;;SHOOW TOOLS - The clippers quartette (hebillas) Hair clips;18000;1;;;;Sí;;;;;;;;;;;;;;;;;;
6177;30f1b1096c;;;;;;;;;;;;;;;;;SHOOW TOOLS - MANIQUI DE SILICONA PARA MAQUILLAJES (Grises);38000;1;888877776666;;;Sí;;;;;;;;;;;;;;;;;;
6177;30f1b1096c;;;;;;;;;;;;;;;;;SHOOW TOOLS - FUFFLY (10PAIRS);36000;2;850056827072;;;Sí;;;;;;;;;;;;;;;;;;
6176;173d1ae05f;05/06/2026 14:23:21;Archivada;Recibido;Enviado;ARS;83850.1;0.00;0;83850.1;Capital Federal;Argentina;Siempre EXPRESS Servicio Premium. Te enviamos un WhatsApp el día anterior a tu entrega con un rango horario de solo 2 a 4hs para que no te quedes esperando todo el día. Ahorrá tiempo.;Transferencia;;05/06/2026;08/06/2026;Laneige - Lip Sleeping Mask EX (Vainilla);83850.1;1;8809803532563;Móvil;1988246180;Sí;;;;No;;;;;;;;;Transferencia o depósito;;;;;
6175;afc670079a;05/06/2026 13:23:06;Archivada;Recibido;Entregado;ARS;15000;3000.00;0;12000;;Argentina;Retirado en Punto de Venta;Transferencia o depósito;POS-ORDER-1780676443921;05/06/2026;08/06/2026;SHOOW TOOLS - Triangle powder puff (3 units);15000;1;;Punto de venta;1988197842;Sí;Beauty House;;;No;;;;;;;;;Transferencia o depósito;;;;;
6174;edad77d1f3;04/06/2026 14:07:41;Archivada;Recibido;Entregado;ARS;102000;30600.00;0;71400;;Argentina;Retirado en Punto de Venta;Transferencia o depósito;POS-ORDER-1780592839083;04/06/2026;04/06/2026;SHOOW TOOLS - SHOOW YOU (10PAIRS);36000;1;850056827034;Punto de venta;1987376976;Sí;Beauty House;;;No;;;;;;;;;Transferencia o depósito;;;;;
6174;edad77d1f3;;;;;;;;;;;;;;;;;SHOOW TOOLS - VOLUMINOSAS (10PAIRS);36000;1;850056827058;;;Sí;;;;;;;;;;;;;;;;;;
6174;edad77d1f3;;;;;;;;;;;;;;;;;SHOOW TOOLS - ISABEL I (BLACK) (MIXED (8/10/12/14mm));30000;1;;;;Sí;;;;;;;;;;;;;;;;;;
6173;f5de82a063;04/06/2026 13:08:46;Archivada;Recibido;Entregado;ARS;30000;6000.00;0;24000;Capital Federal;Argentina;Beauty House;Transferencia;;04/06/2026;04/06/2026;Schwarzkopf - GOT2B gel;30000;1;052336341456;Móvil;1987323798;Sí;;;;No;;;;;;;;;Transferencia o depósito;;;;;
6172;34a3cb6769;03/06/2026 20:59:31;Archivada;Recibido;Entregado;ARS;108000;32400.00;10615.15;86215.15;Catamarca;Argentina;Envío Nube - Andreani a domicilio;Pago Nube;;03/06/2026;25/06/2026;SHOOW TOOLS - FOXY #1 (10PAIRS);36000;2;850056827089;Móvil;1986811312;Sí;;;;No;;;6296.80;1;;;;79918.35;Tarjeta de crédito;03/06/2026 20:59:33;;;;
6172;34a3cb6769;;;;;;;;;;;;;;;;;SHOOW TOOLS - FOXY CAT EYE (10PAIRS);36000;1;850056827119;;;Sí;;;;;;;;;;;;;;;;;;
6171;892ab0a937;03/06/2026 13:32:46;Archivada;Recibido;Enviado;ARS;102000;30600.00;9500;80900;Buenos Aires;Argentina;Siempre EXPRESS Servicio Premium. Te enviamos un WhatsApp el día anterior a tu entrega con un rango horario de solo 2 a 4hs para que no te quedes esperando todo el día. Ahorrá tiempo.;Transferencia;;03/06/2026;08/06/2026;SHOOW TOOLS - FOXY CAT EYE (10PAIRS);36000;1;850056827119;Móvil;1986469093;Sí;;;;No;;;;;;;;;Transferencia o depósito;;;;;
6171;892ab0a937;;;;;;;;;;;;;;;;;SHOOW TOOLS - SO CLASSY (10PAIRS);36000;1;850056827027;;;Sí;;;;;;;;;;;;;;;;;;
6171;892ab0a937;;;;;;;;;;;;;;;;;SHOOW TOOLS - CLARA BOW (BLACK);30000;1;;;;Sí;;;;;;;;;;;;;;;;;;
6170;6a57bd4f04;02/06/2026 12:09:37;Archivada;Recibido;Entregado;ARS;92000.08;12000.00;0;80000.08;Capital Federal;Argentina;MANDO A RETIRAR ;Mercado Pago;;02/06/2026;08/06/2026;SHOOW TOOLS - Elizabeth Taylor (BLACK);30000;1;;Móvil;1985498945;Sí;;;;No;;;;1;;;;;Tarjeta de crédito;;;;;
6170;6a57bd4f04;;;;;;;;;;;;;;;;;SHOOW TOOLS - TWIGGY (BLACK) (MIXED (8/10/12/14mm));30000;1;;;;Sí;;;;;;;;;;;;;;;;;;
6170;6a57bd4f04;;;;;;;;;;;;;;;;;ESSENCE - MÁSCARA LASH PRINCESS FALSE LASH EFFECT SCULPTED VOLUMEN;32000.08;1;425123222619;;;Sí;;;;;;;;;;;;;;;;;;
6169;af5a8eb1ef;02/06/2026 11:16:00;Archivada;Recibido;Entregado;ARS;96000;38880.00;10312.7;67432.7;Buenos Aires;Argentina;Envío Nube - Andreani a domicilio;Mercado Pago;;02/06/2026;06/06/2026;SHOOW TOOLS - FOXY CAT EYE (10PAIRS);36000;1;850056827119;Móvil;1965304458;Sí;;;;No;;;;1;;;;;Tarjeta de crédito;;;;;
6169;af5a8eb1ef;;;;;;;;;;;;;;;;;SHOOW TOOLS - CLARA BOW (BLACK);30000;2;;;;Sí;;;;;;;;;;;;;;;;;;
6168;b6e4d5f39b;01/06/2026 23:07:16;Archivada;Recibido;Enviado;ARS;567000;283500.00;7000;290500;Gran Buenos Aires;Argentina;Siempre EXPRESS Servicio Premium. Te enviamos un WhatsApp el día anterior a tu entrega con un rango horario de solo 2 a 4hs para que no te quedes esperando todo el día. Ahorrá tiempo.;Pago Nube;;01/06/2026;02/06/2026;SHOOW TOOLS - TWIGGY (BLACK) (MIXED (8/10/12/14mm));30000;3;;Móvil;1981960048;Sí;;;;No;;;21216.96;3;28745.55;;;240537.49;Tarjeta de crédito;01/06/2026 23:08:28;;;;
6168;b6e4d5f39b;;;;;;;;;;;;;;;;;SHOOW TOOLS - TAYLOR (BLACK) (MIXED (8/10/12/14mm));30000;3;;;;Sí;;;;;;;;;;;;;;;;;;
6168;b6e4d5f39b;;;;;;;;;;;;;;;;;SHOOW TOOLS - ISABEL I (BLACK) (8mm/10mm);30000;3;;;;Sí;;;;;;;;;;;;;;;;;;
6168;b6e4d5f39b;;;;;;;;;;;;;;;;;SHOOW TOOLS - CLARA BOW (BLACK);30000;6;;;;Sí;;;;;;;;;;;;;;;;;;
6168;b6e4d5f39b;;;;;;;;;;;;;;;;;SHOOW TOOLS - Elizabeth Taylor (BLACK);30000;3;;;;Sí;;;;;;;;;;;;;;;;;;
6168;b6e4d5f39b;;;;;;;;;;;;;;;;;SHOOW TOOLS - WET N WILD (BLACK);27000;1;;;;Sí;;;;;;;;;;;;;;;;;;
6167;96de3b771e;01/06/2026 18:22:33;Archivada;Recibido;Entregado;ARS;30000;6000.00;0;24000;Capital Federal;Argentina;MANDO A RETIRAR ;Transferencia;;01/06/2026;02/06/2026;SHOOW TOOLS - TWIGGY (BLACK) (8mm/10mm);30000;1;;Móvil;1984936446;Sí;;;;No;;;;;;;;;Transferencia o depósito;;;;;
6166;80829d64f4;01/06/2026 14:18:47;Archivada;Recibido;Enviado;ARS;84600.08;6000.00;7000;85600.08;Gran Buenos Aires;Argentina;Siempre EXPRESS Servicio Premium. Te enviamos un WhatsApp el día anterior a tu entrega con un rango horario de solo 2 a 4hs para que no te quedes esperando todo el día. Ahorrá tiempo.;Mercado Pago;;01/06/2026;02/06/2026;NARS - Mini Radiant Creamy Concealer (Creme brulee);54600.08;1;607845019756;Web;1984731331;Sí;;;;No;;;;;;;;;Billetera virtual;;;;;
6166;80829d64f4;;;;;;;;;;;;;;;;;SHOOW TOOLS - Elizabeth Taylor (BLACK);30000;1;;;;Sí;;;;;;;;;;;;;;;;;;
6165;82525074fa;01/06/2026 13:28:38;Archivada;Recibido;Enviado;ARS;90000;27000.00;4000;67000;Capital Federal;Argentina;Siempre EXPRESS Servicio Premium. Te enviamos un WhatsApp el día anterior a tu entrega con un rango horario de solo 2 a 4hs para que no te quedes esperando todo el día. Ahorrá tiempo.;Mercado Pago;;01/06/2026;02/06/2026;SHOOW TOOLS - ISABEL I (BLACK) (8mm/10mm);30000;3;;Móvil;1983326664;Sí;;;;No;;;;;;;;;Billetera virtual;;;;;
6164;e14ad5b2f2;01/06/2026 12:28:40;Archivada;Recibido;Enviado;ARS;51000;15300.00;4000;39700;Capital Federal;Argentina;Siempre EXPRESS Servicio Premium. Te enviamos un WhatsApp el día anterior a tu entrega con un rango horario de solo 2 a 4hs para que no te quedes esperando todo el día. Ahorrá tiempo.;Transferencia;;01/06/2026;01/06/2026;SHOOW TOOLS - KIT DE RETOQUE;18000;1;850056827249;Web;1984645009;Sí;;;;No;;;;;;;;;Transferencia o depósito;;;;;
6164;e14ad5b2f2;;;;;;;;;;;;;;;;;SHOOW TOOLS - The triangle powder puff duo;15000;1;;;;Sí;;;;;;;;;;;;;;;;;;
6164;e14ad5b2f2;;;;;;;;;;;;;;;;;SHOOW TOOLS - The clippers quartette (hebillas) Hair clips;18000;1;;;;Sí;;;;;;;;;;;;;;;;;;
6163;4497eb90fd;01/06/2026 12:22:06;Archivada;Recibido;Enviado;ARS;90000;27000.00;4000;67000;Capital Federal;Argentina;EXPRESS;Transferencia o depósito;POS-ORDER-1780327176617;01/06/2026;01/06/2026;SHOOW TOOLS - TWIGGY (BLACK) (MIXED (8/10/12/14mm));30000;1;;Punto de venta;1984647690;Sí;Beauty House;;;No;;;;;;;;;Transferencia o depósito;;;;;
6163;4497eb90fd;;;;;;;;;;;;;;;;;SHOOW TOOLS - ISABEL I (BLACK) (MIXED (8/10/12/14mm));30000;2;;;;Sí;;;;;;;;;;;;;;;;;;
6161;73ef6b53ac;31/05/2026 14:01:29;Archivada;Recibido;Entregado;ARS;128000;38400.00;7988;97588;Buenos Aires;Argentina;Punto de retiro;Transferencia;;31/05/2026;09/06/2026;SHOOW TOOLS - CLARA BOW (BLACK);30000;2;;Web;1983820590;Sí;;;;No;;;;;;;;;Transferencia o depósito;;;;;
6161;73ef6b53ac;;;;;;;;;;;;;;;;;SHOOW TOOLS - ISABEL I (BLACK) (MIXED (8/10/12/14mm));30000;1;;;;Sí;;;;;;;;;;;;;;;;;;
6161;73ef6b53ac;;;;;;;;;;;;;;;;;SHOOW TOOLS - SET UP MAKEUP ORGANIZER + 2 DIVIDERS;38000;1;85005682324;;;Sí;;;;;;;;;;;;;;;;;;
6160;c7c8a8d9de;31/05/2026 11:40:06;Archivada;Recibido;Enviado;ARS;120000;36000.00;4000;88000;Capital Federal;Argentina;Siempre EXPRESS Servicio Premium. Te enviamos un WhatsApp el día anterior a tu entrega con un rango horario de solo 2 a 4hs para que no te quedes esperando todo el día. Ahorrá tiempo.;Mercado Pago;;31/05/2026;01/06/2026;SHOOW TOOLS - TAYLOR (BLACK) (8mm/10mm);30000;3;;Móvil;1983727297;Sí;;;;No;;;;1;;;;;Tarjeta de crédito;;;;;
6160;c7c8a8d9de;;;;;;;;;;;;;;;;;SHOOW TOOLS - TAYLOR (BLACK) (MIXED (8/10/12/14mm));30000;1;;;;Sí;;;;;;;;;;;;;;;;;;
6159;e22c8b8cf2;31/05/2026 00:55:59;Archivada;Recibido;Entregado;ARS;148000;32400.00;9827.4;125427.4;Córdoba;Argentina;Envío Nube - Andreani a domicilio;Mercado Pago;;31/05/2026;19/06/2026;SHOOW TOOLS - NATURAL SHOOW (10 PAIRS);36000;1;850056827003;Móvil;1983532578;Sí;;;;No;;;;;;;;;Billetera virtual;;;;;
6159;e22c8b8cf2;;;;;;;;;;;;;;;;;SHOOW TOOLS - SO CLASSY (10PAIRS);36000;1;850056827027;;;Sí;;;;;;;;;;;;;;;;;;
6159;e22c8b8cf2;;;;;;;;;;;;;;;;;SHOOW TOOLS - SOFTLY BEAUTIFUL (10PAIRS);36000;1;850056827065;;;Sí;;;;;;;;;;;;;;;;;;
6159;e22c8b8cf2;;;;;;;;;;;;;;;;;(MAYORISTA) AOA STUDIO - PEGA DE PESTAÑAS LASH GLUE - (4 unid);40000;1;3D24A;;;Sí;;;;;;;;;;;;;;;;;;
6158;48060b7dd0;30/05/2026 00:45:51;Archivada;Recibido;Entregado;ARS;18000;3600.00;9279;23679;Santa Fe;Argentina;Envío Nube - Correo Argentino Clásico a domicilio;Mercado Pago;;30/05/2026;09/06/2026;SHOOW TOOLS - KIT DE RETOQUE;18000;1;850056827249;Móvil;1978540276;Sí;;;;No;;;;;;;;;Billetera virtual;;;;;
6157;03f3b7366c;29/05/2026 17:47:31;Archivada;Recibido;Entregado;ARS;144000;43200.00;0;100800;;Argentina;Retirado en Punto de Venta;Transferencia o depósito;POS-ORDER-1780087343106;29/05/2026;29/05/2026;SHOOW TOOLS - FOXY CAT EYE (10PAIRS);36000;2;850056827119;Punto de venta;1982546886;Sí;Beauty House;;;No;;;;;;;;;Transferencia o depósito;;;;;
6157;03f3b7366c;;;;;;;;;;;;;;;;;SHOOW TOOLS - SO CLASSY (10PAIRS);36000;2;850056827027;;;Sí;;;;;;;;;;;;;;;;;;
6156;727c755852;28/05/2026 15:46:14;Archivada;Recibido;Entregado;ARS;30000;6000.00;0;24000;Capital Federal;Argentina;MANDO A RETIRAR ;Mercado Pago;;28/05/2026;29/05/2026;SHOOW TOOLS - TAYLOR (BLACK) (MIXED (8/10/12/14mm));30000;1;;Móvil;1981635155;Sí;;;;No;;;;;;;;;Billetera virtual;;;;;
6155;ba64b383c8;27/05/2026 23:50:08;Archivada;Recibido;Entregado;ARS;90000;27000.00;0;63000;Capital Federal;Argentina;Beauty House;Pago Nube;;27/05/2026;28/05/2026;SHOOW TOOLS - TAYLOR (BLACK) (MIXED (8/10/12/14mm));30000;1;;Móvil;1963747514;Sí;;;;No;;;4601.26;1;;1575.00;;56823.74;Tarjeta de crédito;27/05/2026 23:50:11;;;;
6155;ba64b383c8;;;;;;;;;;;;;;;;;SHOOW TOOLS - ISABEL I (BLACK) (8mm/10mm);30000;1;;;;Sí;;;;;;;;;;;;;;;;;;
6155;ba64b383c8;;;;;;;;;;;;;;;;;SHOOW TOOLS - ISABEL I (CHOCOLATE) (8/8/10/12 mm);30000;1;;;;Sí;;;;;;;;;;;;;;;;;;
6154;648895ae31;27/05/2026 20:20:41;Archivada;Recibido;Enviado;ARS;10000;2000.00;4000;12000;Capital Federal;Argentina;Siempre EXPRESS Servicio Premium. Te enviamos un WhatsApp el día anterior a tu entrega con un rango horario de solo 2 a 4hs para que no te quedes esperando todo el día. Ahorrá tiempo.;Transferencia;;28/05/2026;29/05/2026;Italia deluxe - Delineadores de labios (Hazelnut);10000;1;082353010646;Móvil;1979044763;Sí;;;;No;;;;;;;;;Transferencia o depósito;;;;;
6153;6102fe5e79;26/05/2026 18:31:28;Archivada;Recibido;Enviado;ARS;30000;6000.00;7000;31000;Gran Buenos Aires;Argentina;Siempre EXPRESS Servicio Premium. Te enviamos un WhatsApp el día anterior a tu entrega con un rango horario de solo 2 a 4hs para que no te quedes esperando todo el día. Ahorrá tiempo.;Transferencia;;27/05/2026;28/05/2026;SHOOW TOOLS - CLARA BOW (BLACK);30000;1;;Móvil;1980195123;Sí;;;;No;;;;;;;;;Transferencia o depósito;;;;;
6152;30f1b1096c;26/05/2026 13:43:24;Archivada;Recibido;Entregado;ARS;162000;162000.00;0;0;;Argentina;Retirado en Punto de Venta;LINK DE PAGO 3 CUOTAS;POS-ORDER-1779813735197;26/05/2026;26/05/2026;SHOOW TOOLS - NATURAL SHOOW (10 PAIRS);36000;1;850056827003;Punto de venta;1979993805;Sí;Beauty House;;;No;;;;;;;;;A convenir;;;;;
6152;30f1b1096c;;;;;;;;;;;;;;;;;SHOOW TOOLS - FOXY CAT EYE (10PAIRS);36000;1;850056827119;;;Sí;;;;;;;;;;;;;;;;;;
6152;30f1b1096c;;;;;;;;;;;;;;;;;SHOOW TOOLS - TWIGGY (BLACK) (MIXED (8/10/12/14mm));30000;1;;;;Sí;;;;;;;;;;;;;;;;;;
6152;30f1b1096c;;;;;;;;;;;;;;;;;SHOOW TOOLS - CLARA BOW (BLACK);30000;1;;;;Sí;;;;;;;;;;;;;;;;;;
6152;30f1b1096c;;;;;;;;;;;;;;;;;SHOOW TOOLS - TAYLOR (BLACK) (MIXED (8/10/12/14mm));30000;1;;;;Sí;;;;;;;;;;;;;;;;;;
6151;30f1b1096c;26/05/2026 13:39:36;Archivada;Recibido;No está empaquetado;ARS;660000;660000.00;0;0;;Argentina;Retirado en Punto de Venta;LINK DE PAGO 3 CUOTAS;POS-ORDER-1779813558576;26/05/2026;;SHOOW TOOLS - Triangle powder puff (3 units);15000;20;;Punto de venta;1979990879;Sí;Beauty House;;;No;;;;;;;;;A convenir;;;;;
6151;30f1b1096c;;;;;;;;;;;;;;;;;SHOOW TOOLS - The clippers quartette (hebillas) Hair clips;18000;20;;;;Sí;;;;;;;;;;;;;;;;;;
6150;8b070da1a7;26/05/2026 13:36:25;Archivada;Recibido;No está empaquetado;ARS;1746000;1047600.00;0;698400;;Argentina;Retirado en Punto de Venta;A convenir;POS-ORDER-1779813105865;03/06/2026;;SHOOW TOOLS - NATURAL SHOOW (10 PAIRS);36000;6;850056827003;Punto de venta;1979988515;Sí;Beauty House;;;No;;;;;;;;;;;;;;
6150;8b070da1a7;;;;;;;;;;;;;;;;;SHOOW TOOLS - FOXY CAT EYE (10PAIRS);36000;6;850056827119;;;Sí;;;;;;;;;;;;;;;;;;
6150;8b070da1a7;;;;;;;;;;;;;;;;;SHOOW TOOLS - CLARA BOW (BLACK);30000;6;;;;Sí;;;;;;;;;;;;;;;;;;
6150;8b070da1a7;;;;;;;;;;;;;;;;;SHOOW TOOLS - Elizabeth Taylor (BLACK);30000;6;;;;Sí;;;;;;;;;;;;;;;;;;
6150;8b070da1a7;;;;;;;;;;;;;;;;;SHOOW TOOLS - TAYLOR (BLACK) (MIXED (8/10/12/14mm));30000;6;;;;Sí;;;;;;;;;;;;;;;;;;
6150;8b070da1a7;;;;;;;;;;;;;;;;;SHOOW TOOLS - TWIGGY (BLACK) (MIXED (8/10/12/14mm));30000;6;;;;Sí;;;;;;;;;;;;;;;;;;
6150;8b070da1a7;;;;;;;;;;;;;;;;;SHOOW TOOLS - ISABEL I (CHOCOLATE) (8/8/10/12 mm);30000;6;;;;Sí;;;;;;;;;;;;;;;;;;
6150;8b070da1a7;;;;;;;;;;;;;;;;;SHOOW TOOLS - Triangle powder puff (3 units);15000;6;;;;Sí;;;;;;;;;;;;;;;;;;
6150;8b070da1a7;;;;;;;;;;;;;;;;;SHOOW TOOLS - The clippers quartette (hebillas) Hair clips;18000;6;;;;Sí;;;;;;;;;;;;;;;;;;
6150;8b070da1a7;;;;;;;;;;;;;;;;;SHOOW TOOLS - SO CLASSY (10PAIRS);36000;6;850056827027;;;Sí;;;;;;;;;;;;;;;;;;
6148;4e4b0c05ea;22/05/2026 11:35:03;Archivada;Recibido;Entregado;ARS;72000;14400.00;9279;66879;Córdoba;Argentina;Envío Nube - Correo Argentino Clásico a domicilio;Transferencia;;22/05/2026;29/05/2026;SHOOW TOOLS - SO CLASSY (10PAIRS);36000;1;850056827027;Móvil;1976992785;Sí;;;;No;;;;;;;;;Transferencia o depósito;;;;;
6148;4e4b0c05ea;;;;;;;;;;;;;;;;;SHOOW TOOLS - FOXY CAT EYE (10PAIRS);36000;1;850056827119;;;Sí;;;;;;;;;;;;;;;;;;
6147;4a7f41f360;21/05/2026 21:32:17;Archivada;Recibido;Enviado;ARS;36000;7200.00;4000;32800;Capital Federal;Argentina;Siempre EXPRESS Servicio Premium. Te enviamos un WhatsApp el día anterior a tu entrega con un rango horario de solo 2 a 4hs para que no te quedes esperando todo el día. Ahorrá tiempo.;Mercado Pago;;21/05/2026;26/05/2026;SHOOW TOOLS - NATURAL SHOOW (10 PAIRS);36000;1;850056827003;Móvil;1973548934;Sí;;;;No;;;;;;;;;Billetera virtual;;;;;
6146;044ab7af34;21/05/2026 20:40:22;Archivada;Recibido;Entregado;ARS;87000.16;26100.05;5261;66161.11;Gran Buenos Aires;Argentina;Punto de retiro;Pago Nube;;21/05/2026;29/05/2026;SHOOW TOOLS - MINI LIP CONTAINER (5 unid);18000.08;1;;Móvil;1976608484;Sí;;;;No;;;4832.14;1;;;;61328.97;Tarjeta de crédito;21/05/2026 20:40:26;;;;
6146;044ab7af34;;;;;;;;;;;;;;;;;SHOOW TOOLS - MINI POWDER CONTAINER (5 PZ);18000.08;1;;;;Sí;;;;;;;;;;;;;;;;;;
6146;044ab7af34;;;;;;;;;;;;;;;;;SHOOW TOOLS - Triangle powder puff (3 units);15000;1;;;;Sí;;;;;;;;;;;;;;;;;;
6146;044ab7af34;;;;;;;;;;;;;;;;;SHOOW TOOLS - SOFT & SHORT (10PAIRS);36000;1;850056827010;;;Sí;;;;;;;;;;;;;;;;;;
6145;659f31c970;21/05/2026 20:17:45;Cancelada;Recibido;No está empaquetado;ARS;54600.08;10920.02;4000;47680.06;Capital Federal;Argentina;Siempre EXPRESS Servicio Premium. Te enviamos un WhatsApp el día anterior a tu entrega con un rango horario de solo 2 a 4hs para que no te quedes esperando todo el día. Ahorrá tiempo.;Transferencia;;22/05/2026;;NARS - Mini Radiant Creamy Concealer (Vainilla);54600.08;1;607845058113;Web;1976592953;Sí;;22/05/2026 14:39:16;El cliente cambió de idea;No;;;;;;;;;Transferencia o depósito;;;;;
6143;5a0f74e5af;21/05/2026 13:16:41;Archivada;Recibido;Enviado;ARS;72000;14400.00;4000;61600;Capital Federal;Argentina;Siempre EXPRESS Servicio Premium. Te enviamos un WhatsApp el día anterior a tu entrega con un rango horario de solo 2 a 4hs para que no te quedes esperando todo el día. Ahorrá tiempo.;Transferencia;;21/05/2026;26/05/2026;SHOOW TOOLS - FOXY CAT EYE (10PAIRS);36000;1;850056827119;Móvil;1976294339;Sí;;;;No;;;;;;;;;Transferencia o depósito;;;;;
6143;5a0f74e5af;;;;;;;;;;;;;;;;;SHOOW TOOLS - SO CLASSY (10PAIRS);36000;1;850056827027;;;Sí;;;;;;;;;;;;;;;;;;
6142;144671cf8f;21/05/2026 13:03:11;Archivada;Recibido;Entregado;ARS;60000;12000.00;9920;57920;Buenos Aires;Argentina;Envío Nube - Correo Argentino Clásico a domicilio;Mercado Pago;;21/05/2026;29/05/2026;SHOOW TOOLS - CLARA BOW (BLACK);30000;1;;Móvil;1974220054;Sí;;;;No;;;;1;;;;;Tarjeta de crédito;;;;;
6142;144671cf8f;;;;;;;;;;;;;;;;;SHOOW TOOLS - TWIGGY (BLACK) (MIXED (8/10/12/14mm));30000;1;;;;Sí;;;;;;;;;;;;;;;;;;
6141;5334b6ab37;20/05/2026 23:53:55;Archivada;Recibido;Entregado;ARS;83850.1;16770.02;9827.4;76907.48;Capital Federal;Argentina;Envío Nube - Andreani a domicilio;Transferencia;;21/05/2026;28/05/2026;Laneige - Lip Sleeping Mask EX (Vainilla);83850.1;1;8809803532563;Móvil;1975964865;Sí;;;;No;;;;;;;;;Transferencia o depósito;;;;;
6140;aff0e87e16;20/05/2026 15:58:08;Archivada;Recibido;Entregado;ARS;30000;6000.00;9599.02;33599.02;Capital Federal;Argentina;Envío Nube - Andreani a domicilio;Mercado Pago;;20/05/2026;28/05/2026;SHOOW TOOLS - ISABEL I (BLACK) (MIXED (8/10/12/14mm));30000;1;;Móvil;1975562302;Sí;;;;No;;;;;;;;;Billetera virtual;;;;;
6139;4248862374;20/05/2026 12:05:04;Archivada;Recibido;Enviado;ARS;36000;7200.00;4000;32800;Capital Federal;Argentina;EXPRESS;Transferencia o depósito;POS-ORDER-1779289490704;20/05/2026;20/05/2026;SHOOW TOOLS - FOXY #1 (10PAIRS);36000;1;850056827089;Punto de venta;1975395560;Sí;Beauty House;;;No;;;;;;;;;Transferencia o depósito;;;;;
6138;ec6e8f3474;20/05/2026 11:40:15;Archivada;Recibido;Enviado;ARS;60000;12000.00;4000;52000;Capital Federal;Argentina;Siempre EXPRESS Servicio Premium. Te enviamos un WhatsApp el día anterior a tu entrega con un rango horario de solo 2 a 4hs para que no te quedes esperando todo el día. Ahorrá tiempo.;Transferencia;;20/05/2026;20/05/2026;SHOOW TOOLS - ISABEL I (BLACK) (MIXED (8/10/12/14mm));30000;2;;Móvil;1975374934;Sí;;;;No;;;;;;;;;Transferencia o depósito;;;;;
6137;30f1b1096c;20/05/2026 09:54:59;Archivada;Recibido;Entregado;ARS;60000;59400.00;0;600;;Argentina;Retirado en Punto de Venta;Otro;POS-ORDER-1779281692973;20/05/2026;20/05/2026;SHOOW TOOLS - ISABEL I (BLACK) (8mm/10mm);30000;1;;Punto de venta;1975292639;Sí;Beauty House;;;No;;;;;;;;;A convenir;;;;;
6137;30f1b1096c;;;;;;;;;;;;;;;;;SHOOW TOOLS - TAYLOR (BLACK) (8mm/10mm);30000;1;;;;Sí;;;;;;;;;;;;;;;;;;
6136;81065a4e9f;19/05/2026 22:37:02;Archivada;Recibido;Entregado;ARS;30000;6000.00;9279;33279;Entre Ríos;Argentina;Envío Nube - Correo Argentino Clásico a domicilio;Pago Nube;;19/05/2026;26/05/2026;SHOOW TOOLS - ISABEL I (BLACK) (MIXED (8/10/12/14mm));30000;1;;Móvil;1969959213;Sí;;;;No;;;2430.56;1;;;;30848.44;Tarjeta de crédito;19/05/2026 22:37:06;;;;
6135;a9d47d0777;19/05/2026 22:28:21;Archivada;Recibido;Entregado;ARS;90000;14400.00;9279;84879;Buenos Aires;Argentina;Envío Nube - Correo Argentino Clásico a domicilio;Transferencia;;20/05/2026;28/05/2026;SHOOW TOOLS - ICONIC VOLUME (10PARES);36000;1;850056827041;Móvil;1975023220;Sí;;;;No;;;;;;;;;Transferencia o depósito;;;;;
6135;a9d47d0777;;;;;;;;;;;;;;;;;SHOOW TOOLS - FOXY #1 (10PAIRS);36000;1;850056827089;;;Sí;;;;;;;;;;;;;;;;;;
6135;a9d47d0777;;;;;;;;;;;;;;;;;AOA STUDIO - PEGA DE PESTAÑAS LASH GLUE;18000;1;3D24A;;;Sí;;;;;;;;;;;;;;;;;;
6133;30f1b1096c;19/05/2026 20:52:02;Archivada;Recibido;Entregado;ARS;888000;532800.00;0;355200;;Argentina;Retirado en Punto de Venta;Transferencia o depósito;POS-ORDER-1779234684350;19/05/2026;19/05/2026;SHOOW TOOLS - ISABEL I (BLACK) (MIXED (8/10/12/14mm));30000;7;;Punto de venta;1974942700;Sí;Beauty House;;;No;;;;;;;;;Transferencia o depósito;;;;19/05/2026 20:52:03;
6133;30f1b1096c;;;;;;;;;;;;;;;;;SHOOW TOOLS - ISABEL I (BLACK) (8mm/10mm);30000;8;;;;Sí;;;;;;;;;;;;;;;;;;
6133;30f1b1096c;;;;;;;;;;;;;;;;;SHOOW TOOLS - TAYLOR (BLACK) (MIXED (8/10/12/14mm));30000;7;;;;Sí;;;;;;;;;;;;;;;;;;
6133;30f1b1096c;;;;;;;;;;;;;;;;;SHOOW TOOLS - The clippers quartette (hebillas) Hair clips;18000;4;;;;Sí;;;;;;;;;;;;;;;;;;
6133;30f1b1096c;;;;;;;;;;;;;;;;;SHOOW TOOLS - WET N WILD (CLUSTER) 8/10/12/14MM;30000;4;;;;Sí;;;;;;;;;;;;;;;;;;
6133;30f1b1096c;;;;;;;;;;;;;;;;;SHOOW TOOLS - FOXY CAT EYE (1PAIR);12000;3;;;;Sí;;;;;;;;;;;;;;;;;;
6132;b1c281d6f3;19/05/2026 20:48:40;Archivada;Recibido;Entregado;ARS;720000;360000.00;0;360000;;Argentina;Retirado en Punto de Venta;Transferencia o depósito;POS-ORDER-1779234490076;19/05/2026;19/05/2026;SHOOW TOOLS - FOXY CAT EYE (10PAIRS);36000;3;850056827119;Punto de venta;1974939770;Sí;Beauty House;;;No;;;;;;;;;Transferencia o depósito;;;;19/05/2026 20:48:42;
6132;b1c281d6f3;;;;;;;;;;;;;;;;;SHOOW TOOLS - SO CLASSY (10PAIRS);36000;1;850056827027;;;Sí;;;;;;;;;;;;;;;;;;
6132;b1c281d6f3;;;;;;;;;;;;;;;;;SHOOW TOOLS - CLARA BOW (BLACK);30000;4;;;;Sí;;;;;;;;;;;;;;;;;;
6132;b1c281d6f3;;;;;;;;;;;;;;;;;SHOOW TOOLS - ISABEL I (BLACK) (MIXED (8/10/12/14mm));30000;12;;;;Sí;;;;;;;;;;;;;;;;;;
6132;b1c281d6f3;;;;;;;;;;;;;;;;;SHOOW TOOLS - TWIGGY (BLACK) (MIXED (8/10/12/14mm));30000;1;;;;Sí;;;;;;;;;;;;;;;;;;
6132;b1c281d6f3;;;;;;;;;;;;;;;;;SHOOW TOOLS - TAYLOR (BLACK) (MIXED (8/10/12/14mm));30000;1;;;;Sí;;;;;;;;;;;;;;;;;;
6132;b1c281d6f3;;;;;;;;;;;;;;;;;SHOOW TOOLS - ICONIC VOLUME (10PARES);36000;1;850056827041;;;Sí;;;;;;;;;;;;;;;;;;
6131;7a89af52f4;19/05/2026 13:32:20;Archivada;Recibido;Entregado;ARS;66600;0.00;11035;77635;Neuquén;Argentina;Envío Nube - Correo Argentino Clásico a domicilio;Mercado Pago;;19/05/2026;26/05/2026;SHOOW TOOLS - CLARA BOW (BLACK);18000;1;;Móvil;1974541639;Sí;;;;No;;;;1;;;;;Tarjeta de crédito;;;;;
6131;7a89af52f4;;;;;;;;;;;;;;;;;SHOOW TOOLS - SO CLASSY (10PAIRS);21600;1;850056827027;;;Sí;;;;;;;;;;;;;;;;;;
6131;7a89af52f4;;;;;;;;;;;;;;;;;SHOOW TOOLS - ISABEL I (BLACK) (MIXED (8/10/12/14mm));18000;1;;;;Sí;;;;;;;;;;;;;;;;;;
6131;7a89af52f4;;;;;;;;;;;;;;;;;SHOOW TOOLS - The triangle powder puff duo;9000;1;;;;Sí;;;;;;;;;;;;;;;;;;
6130;47dbfaa18a;19/05/2026 12:10:04;Archivada;Recibido;Enviado;ARS;162000;0.00;0;162000;Capital Federal;Argentina;Siempre EXPRESS Servicio Premium. Te enviamos un WhatsApp el día anterior a tu entrega con un rango horario de solo 2 a 4hs para que no te quedes esperando todo el día. Ahorrá tiempo.;Transferencia;;19/05/2026;20/05/2026;SHOOW TOOLS - ISABEL I (BLACK) (MIXED (8/10/12/14mm));18000;4;;Móvil;1974559698;Sí;;;;No;;;;;;;;;Transferencia o depósito;;;;;
6130;47dbfaa18a;;;;;;;;;;;;;;;;;SHOOW TOOLS - TWIGGY (BLACK) (MIXED (8/10/12/14mm));18000;4;;;;Sí;;;;;;;;;;;;;;;;;;
6130;47dbfaa18a;;;;;;;;;;;;;;;;;SHOOW TOOLS - CLARA BOW (BLACK);18000;1;;;;Sí;;;;;;;;;;;;;;;;;;
6129;f8dc8c87ff;18/05/2026 21:16:52;Archivada;Recibido;Listo para enviar;ARS;106400;0.00;0;106400;Capital Federal;Argentina;Beauty House;Mercado Pago;;18/05/2026;;SHOOW TOOLS - SOFT & SHORT (10PAIRS);21600;1;850056827010;Móvil;1971121710;Sí;;;;No;;;;;;;;;Billetera virtual;;;;;
6129;f8dc8c87ff;;;;;;;;;;;;;;;;;SHOOW TOOLS - NATURAL SHOOW (10 PAIRS);21600;1;850056827003;;;Sí;;;;;;;;;;;;;;;;;;
6129;f8dc8c87ff;;;;;;;;;;;;;;;;;SHOOW TOOLS - ICONIC VOLUME (10PARES);21600;2;850056827041;;;Sí;;;;;;;;;;;;;;;;;;
6129;f8dc8c87ff;;;;;;;;;;;;;;;;;"BH - PESTAÑAS ""SOCIAL DRAG VIBE"" (20 PARES)";20000;1;;;;Sí;;;;;;;;;;;;;;;;;;
6128;cc82cafd50;18/05/2026 18:33:58;Archivada;Recibido;Enviado;ARS;73000.08;10000.00;4000;67000.08;Capital Federal;Argentina;Siempre EXPRESS Servicio Premium. Te enviamos un WhatsApp el día anterior a tu entrega con un rango horario de solo 2 a 4hs para que no te quedes esperando todo el día. Ahorrá tiempo.;Mercado Pago;;18/05/2026;20/05/2026;Italia deluxe - Delineadores de labios (Mauve);10000;1;082353010547;Móvil;1966772192;Sí;;;;No;;;;1;;;;;Tarjeta de crédito;;;;;
6128;cc82cafd50;;;;;;;;;;;;;;;;;Italia deluxe - Delineadores de labios (Hazelnut);10000;1;082353010646;;;Sí;;;;;;;;;;;;;;;;;;
6128;cc82cafd50;;;;;;;;;;;;;;;;;AOA STUDIO - DELINEADOR EN PLUMON (Marrón);18000.08;1;100000109601;;;Sí;;;;;;;;;;;;;;;;;;
6128;cc82cafd50;;;;;;;;;;;;;;;;;Kleancolor - High definition matte setting loose powder (Light);25000;1;841265108809;;;Sí;;;;;;;;;;;;;;;;;;
6128;cc82cafd50;;;;;;;;;;;;;;;;;Italia deluxe - Delineadores de labios (soft pink);10000;1;082353010417;;;Sí;;;;;;;;;;;;;;;;;;
6127;5292992d9f;18/05/2026 17:49:26;Archivada;Recibido;Entregado;ARS;600000;360000.00;0;240000;;Argentina;Retirado en Punto de Venta;Transferencia o depósito;POS-ORDER-1779137349201;19/05/2026;20/05/2026;SHOOW TOOLS - ISABEL I (BLACK) (MIXED (8/10/12/14mm));30000;15;;Punto de venta;1973969016;Sí;Beauty House;;;No;;;;;;;;;Transferencia o depósito;;;;;
6127;5292992d9f;;;;;;;;;;;;;;;;;SHOOW TOOLS - TAYLOR (BLACK) (MIXED (8/10/12/14mm));30000;5;;;;Sí;;;;;;;;;;;;;;;;;;
6126;b1c281d6f3;18/05/2026 17:46:30;Cancelada;Recibido;No está empaquetado;ARS;351000;0.00;0;351000;;Argentina;Retirado en Punto de Venta;A convenir;;19/05/2026;;SHOOW TOOLS - FOXY CAT EYE (10PAIRS);21600;3;;Punto de venta;1973967014;Sí;Beauty House;19/05/2026 20:48:28;El cliente cambió de idea;No;;;;;;;;;;;;;;
6126;b1c281d6f3;;;;;;;;;;;;;;;;;SHOOW TOOLS - SO CLASSY (10PAIRS);21600;1;;;;Sí;;;;;;;;;;;;;;;;;;
6126;b1c281d6f3;;;;;;;;;;;;;;;;;SHOOW TOOLS - CLARA BOW (CLUSTER);13500;4;;;;Sí;;;;;;;;;;;;;;;;;;
6126;b1c281d6f3;;;;;;;;;;;;;;;;;SHOOW TOOLS - ISABEL I (PESTAÑAS CLUSTER);13500;12;;;;Sí;;;;;;;;;;;;;;;;;;
6126;b1c281d6f3;;;;;;;;;;;;;;;;;SHOOW TOOLS - TWIGGY (CLUSTER);13500;1;;;;Sí;;;;;;;;;;;;;;;;;;
6126;b1c281d6f3;;;;;;;;;;;;;;;;;SHOOW TOOLS - TAYLOR (CLUSTER);13500;1;;;;Sí;;;;;;;;;;;;;;;;;;
6126;b1c281d6f3;;;;;;;;;;;;;;;;;SHOOW TOOLS - ICONIC VOLUME (10PARES);21600;1;;;;Sí;;;;;;;;;;;;;;;;;;
6122;35e671db47;18/05/2026 14:51:15;Archivada;Recibido;Entregado;ARS;60000;24000.00;0;36000;;Argentina;Retirado en Punto de Venta;LINK DE PAGO 3 CUOTAS;POS-ORDER-1779126660490;18/05/2026;18/05/2026;SHOOW TOOLS - Elizabeth Taylor (BLACK);30000;1;;Punto de venta;1973838722;Sí;Beauty House;;;No;;;;;;;;;A convenir;;;;;
6122;35e671db47;;;;;;;;;;;;;;;;;SHOOW TOOLS - CLARA BOW (BLACK);30000;1;;;;Sí;;;;;;;;;;;;;;;;;;
6121;f89d2a1709;18/05/2026 09:20:49;Archivada;Recibido;Enviado;ARS;156600;0.00;0;156600;Gran Buenos Aires;Argentina;Siempre EXPRESS Servicio Premium. Te enviamos un WhatsApp el día anterior a tu entrega con un rango horario de solo 2 a 4hs para que no te quedes esperando todo el día. Ahorrá tiempo.;Transferencia;;18/05/2026;20/05/2026;SHOOW TOOLS - ISABEL I (BLACK) (8mm/10mm);18000;1;;Web;1973229810;Sí;;;;No;;;;;;;;;Transferencia o depósito;;;;;
6121;f89d2a1709;;;;;;;;;;;;;;;;;SHOOW TOOLS - ISABEL I (BLACK) (MIXED (8/10/12/14mm));18000;1;;;;Sí;;;;;;;;;;;;;;;;;;
6121;f89d2a1709;;;;;;;;;;;;;;;;;SHOOW TOOLS - FOXY CAT EYE (10PAIRS);21600;1;850056827119;;;Sí;;;;;;;;;;;;;;;;;;
6121;f89d2a1709;;;;;;;;;;;;;;;;;SHOOW TOOLS - TWIGGY (BLACK) (8mm/10mm);18000;2;;;;Sí;;;;;;;;;;;;;;;;;;
6121;f89d2a1709;;;;;;;;;;;;;;;;;SHOOW TOOLS - CLARA BOW (BLACK);18000;1;;;;Sí;;;;;;;;;;;;;;;;;;
6121;f89d2a1709;;;;;;;;;;;;;;;;;Elf cosmetics - Embellished 9-Piece Brush Set;45000;1;609332709874;;;Sí;;;;;;;;;;;;;;;;;;
6119;417a2d2320;17/05/2026 23:44:47;Archivada;Recibido;Entregado;ARS;36000;0.00;0;36000;Capital Federal;Argentina;MANDO A RETIRAR ;Pago Nube;;17/05/2026;27/05/2026;SHOOW TOOLS - CLARA BOW (BLACK);18000;1;;Móvil;1973425166;Sí;;;;No;;;2629.29;1;;900.00;;32470.71;Tarjeta de crédito;17/05/2026 23:44:49;;;;
6119;417a2d2320;;;;;;;;;;;;;;;;;SHOOW TOOLS - ISABEL I (BLACK) (8mm/10mm);18000;1;;;;Sí;;;;;;;;;;;;;;;;;;
6118;a27be448ca;17/05/2026 21:26:42;Archivada;Recibido;Enviado;ARS;72000;0.00;7000;79000;Gran Buenos Aires;Argentina;Siempre EXPRESS Servicio Premium. Te enviamos un WhatsApp el día anterior a tu entrega con un rango horario de solo 2 a 4hs para que no te quedes esperando todo el día. Ahorrá tiempo.;Mercado Pago;;17/05/2026;20/05/2026;SHOOW TOOLS - ISABEL I (BLACK) (MIXED (8/10/12/14mm));18000;2;;Móvil;1934250888;Sí;;;;No;;;;;;;;;Billetera virtual;;;;;
6118;a27be448ca;;;;;;;;;;;;;;;;;SHOOW TOOLS - TAYLOR (BLACK) (MIXED (8/10/12/14mm));18000;1;;;;Sí;;;;;;;;;;;;;;;;;;
6118;a27be448ca;;;;;;;;;;;;;;;;;SHOOW TOOLS - CLARA BOW (BLACK);18000;1;;;;Sí;;;;;;;;;;;;;;;;;;
6117;1bf66e249b;17/05/2026 19:21:28;Archivada;Recibido;Entregado;ARS;38000;0.00;9708;47708;Santa Fe;Argentina;Envío Nube - Correo Argentino Clásico a domicilio;Transferencia;;18/05/2026;02/06/2026;"BH - PESTAÑAS "" SOCIAL MEDIA TRENDY"" (20 PARES)";20000;1;7865432198767;Móvil;1973174081;Sí;;;;No;;;;;;;;;Transferencia o depósito;;;;;
6117;1bf66e249b;;;;;;;;;;;;;;;;;SHOOW TOOLS - TWIGGY (BLACK) (8mm/10mm);18000;1;;;;Sí;;;;;;;;;;;;;;;;;;
6116;1750748a5c;17/05/2026 15:53:36;Archivada;Recibido;Entregado;ARS;36000;10000.00;0;26000;Capital Federal;Argentina;Beauty House;Transferencia;;18/05/2026;26/05/2026;SHOOW TOOLS - (MINI) TRIANGLE POWDER PUFF;6000;1;;Móvil;1945599558;Sí;;;;No;;;;;;;;;Transferencia o depósito;;;;;
6116;1750748a5c;;;;;;;;;;;;;;;;;Italia deluxe - Delineadores de labios (Hazelnut);10000;1;082353010646;;;Sí;;;;;;;;;;;;;;;;;;
6116;1750748a5c;;;;;;;;;;;;;;;;;Italia deluxe - Delineadores de labios (hot cocoa);10000;1;082353010608;;;Sí;;;;;;;;;;;;;;;;;;
6116;1750748a5c;;;;;;;;;;;;;;;;;Italia deluxe - Delineadores de labios (hot red);10000;1;082353010479;;;Sí;;;;;;;;;;;;;;;;;;
6115;6a2c74e87f;16/05/2026 18:30:06;Archivada;Recibido;Enviado;ARS;108000;0.00;7000;115000;Gran Buenos Aires;Argentina;Siempre EXPRESS Servicio Premium. Te enviamos un WhatsApp el día anterior a tu entrega con un rango horario de solo 2 a 4hs para que no te quedes esperando todo el día. Ahorrá tiempo.;Pago Nube;;16/05/2026;20/05/2026;SHOOW TOOLS - TAYLOR (BLACK) (MIXED (8/10/12/14mm));18000;3;;Móvil;1972329938;Sí;;;;No;;;8399.14;1;;;;106600.86;Tarjeta de crédito;16/05/2026 18:30:08;;;;
6115;6a2c74e87f;;;;;;;;;;;;;;;;;SHOOW TOOLS - ISABEL I (BLACK) (MIXED (8/10/12/14mm));18000;3;;;;Sí;;;;;;;;;;;;;;;;;;
6114;a2077a5a36;16/05/2026 11:37:29;Archivada;Recibido;Entregado;ARS;312000;124800.00;0;187200;Gran Buenos Aires;Argentina;MANDO A RETIRAR ;Efectivo (Billete);;18/05/2026;18/05/2026;SHOOW TOOLS - ISABEL I (BLACK) (MIXED (8/10/12/14mm));30000;2;;Web;1968385962;Sí;;;;No;;;;;;;;;Efectivo;;;;;
6114;a2077a5a36;;;;;;;;;;;;;;;;;SHOOW TOOLS - TWIGGY (BLACK) (MIXED (8/10/12/14mm));30000;2;;;;Sí;;;;;;;;;;;;;;;;;;
6114;a2077a5a36;;;;;;;;;;;;;;;;;SHOOW TOOLS - CLARA BOW (BLACK);30000;2;;;;Sí;;;;;;;;;;;;;;;;;;
6114;a2077a5a36;;;;;;;;;;;;;;;;;SHOOW TOOLS - TAYLOR (BLACK) (MIXED (8/10/12/14mm));30000;2;;;;Sí;;;;;;;;;;;;;;;;;;
6114;a2077a5a36;;;;;;;;;;;;;;;;;SHOOW TOOLS - ICONIC VOLUME (10PARES);36000;1;850056827041;;;Sí;;;;;;;;;;;;;;;;;;
6114;a2077a5a36;;;;;;;;;;;;;;;;;SHOOW TOOLS - SO CLASSY (10PAIRS);36000;1;850056827027;;;Sí;;;;;;;;;;;;;;;;;;
6114;a2077a5a36;;;;;;;;;;;;;;;;;PESTAÑAS 10 PAR;0;1;;;;Sí;;;;;;;;;;;;;;;;;;
6112;6ea862add3;15/05/2026 11:42:50;Archivada;Recibido;Enviado;ARS;68000;0.00;0;68000;Buenos Aires;Argentina;Siempre EXPRESS Servicio Premium. Te enviamos un WhatsApp el día anterior a tu entrega con un rango horario de solo 2 a 4hs para que no te quedes esperando todo el día. Ahorrá tiempo.;Transferencia;ENVIOHOT;15/05/2026;18/05/2026;SHOOW TOOLS - MANIQUI DE SILICONA PARA MAQUILLAJES (Grises);19000;2;888877776666;Web;1971185340;Sí;;;;No;;;;;;;;;Transferencia o depósito;;;;;
6112;6ea862add3;;;;;;;;;;;;;;;;;AOA STUDIO - BLUSH EN CREMA (Charm);15000;1;100000090633;;;Sí;;;;;;;;;;;;;;;;;;
6112;6ea862add3;;;;;;;;;;;;;;;;;AOA STUDIO - BLUSH EN CREMA (Passion);15000;1;100000090572;;;Sí;;;;;;;;;;;;;;;;;;
6111;7f4718a3fe;14/05/2026 18:51:25;Archivada;Recibido;Enviado;ARS;36000;0.00;7000;43000;Gran Buenos Aires;Argentina;Siempre EXPRESS Servicio Premium. Te enviamos un WhatsApp el día anterior a tu entrega con un rango horario de solo 2 a 4hs para que no te quedes esperando todo el día. Ahorrá tiempo.;Pago Nube;;14/05/2026;18/05/2026;SHOOW TOOLS - ISABEL I (BLACK) (MIXED (8/10/12/14mm));18000;2;;Móvil;1970638620;Sí;;;;No;;;3140.54;1;;;;39859.46;Tarjeta de crédito;14/05/2026 18:51:28;;;;
6110;4e33ab3499;14/05/2026 14:06:48;Archivada;Recibido;Entregado;ARS;69000.02;0.00;0;69000.02;Gran Buenos Aires;Argentina;MANDO A RETIRAR ;Mercado Pago;;14/05/2026;14/05/2026;SHOOW TOOLS - TAYLOR (BLACK) (MIXED (8/10/12/14mm));18000;1;;Móvil;1949851515;Sí;;;;No;;;;;;;;;Billetera virtual;;;;;
6110;4e33ab3499;;;;;;;;;;;;;;;;;SHOOW TOOLS - TWIGGY (BLACK) (MIXED (8/10/12/14mm));18000;1;;;;Sí;;;;;;;;;;;;;;;;;;
6110;4e33ab3499;;;;;;;;;;;;;;;;;MOONSHINE POMPÓN - ILUMINADOR CORPORAL;15000.02;1;;;;Sí;;;;;;;;;;;;;;;;;;
6110;4e33ab3499;;;;;;;;;;;;;;;;;SHOOW TOOLS - ISABEL I (BLACK) (MIXED (8/10/12/14mm));18000;1;;;;Sí;;;;;;;;;;;;;;;;;;
6110;4e33ab3499;;;;;;;;;;;;;;;;;PESTAÑAS 1 PAR;0;1;;;;Sí;;;;;;;;;;;;;;;;;;
6109;84848b4475;14/05/2026 13:52:00;Archivada;Recibido;Entregado;ARS;88400.12;0.00;5162;93562.12;Gran Buenos Aires;Argentina;Punto de retiro;Pago Nube;;14/05/2026;19/05/2026;SHOOW TOOLS - ISABEL I (BLACK) (MIXED (8/10/12/14mm));18000;1;;Móvil;1931083851;Sí;;;;No;;;6833.40;1;;;;86728.72;Tarjeta de crédito;14/05/2026 13:52:02;;;;
6109;84848b4475;;;;;;;;;;;;;;;;;MUÑEQUERA MAGNETICA PARA HORQUILLAS;20000.12;1;27R934V0024423860;;;Sí;;;;;;;;;;;;;;;;;;
6109;84848b4475;;;;;;;;;;;;;;;;;SHOOW TOOLS - KIT DE RETOQUE;10800;1;850056827249;;;Sí;;;;;;;;;;;;;;;;;;
6109;84848b4475;;;;;;;;;;;;;;;;;SHOOW TOOLS - TAYLOR (BLACK) (MIXED (8/10/12/14mm));18000;1;;;;Sí;;;;;;;;;;;;;;;;;;
6109;84848b4475;;;;;;;;;;;;;;;;;SHOOW TOOLS - SO CLASSY (10PAIRS);21600;1;850056827027;;;Sí;;;;;;;;;;;;;;;;;;
6109;84848b4475;;;;;;;;;;;;;;;;;PESTAÑAS 1 PAR;0;1;;;;Sí;;;;;;;;;;;;;;;;;;
6108;ad53ec0539;14/05/2026 13:35:16;Archivada;Recibido;Entregado;ARS;36000;0.00;0;36000;Gran Buenos Aires;Argentina;MANDO A RETIRAR ;Pago Nube;;14/05/2026;14/05/2026;SHOOW TOOLS - TAYLOR (BLACK) (MIXED (8/10/12/14mm));18000;1;;Móvil;1960053052;Sí;;;;No;;;2629.29;1;;;;33370.71;Tarjeta de crédito;14/05/2026 13:35:20;;;;
6108;ad53ec0539;;;;;;;;;;;;;;;;;SHOOW TOOLS - TWIGGY (BLACK) (MIXED (8/10/12/14mm));18000;1;;;;Sí;;;;;;;;;;;;;;;;;;
6107;5ba1938a8f;14/05/2026 12:52:25;Archivada;Recibido;Enviado;ARS;45000;0.00;7000;52000;Gran Buenos Aires;Argentina;Siempre EXPRESS Servicio Premium. Te enviamos un WhatsApp el día anterior a tu entrega con un rango horario de solo 2 a 4hs para que no te quedes esperando todo el día. Ahorrá tiempo.;Mercado Pago;;14/05/2026;18/05/2026;SHOOW TOOLS - ISABEL I (BLACK) (MIXED (8/10/12/14mm));18000;1;;Móvil;1970345305;Sí;;;;No;;;;1;;;;;Tarjeta de crédito;;;;;
6107;5ba1938a8f;;;;;;;;;;;;;;;;;SHOOW TOOLS - TWIGGY (BLACK) (MIXED (8/10/12/14mm));18000;1;;;;Sí;;;;;;;;;;;;;;;;;;
6107;5ba1938a8f;;;;;;;;;;;;;;;;;SHOOW TOOLS - Triangle powder puff (3 units);9000;1;;;;Sí;;;;;;;;;;;;;;;;;;
6106;89d3395f7b;14/05/2026 12:45:09;Archivada;Recibido;Entregado;ARS;82800;0.00;5823;88623;Córdoba;Argentina;Punto de retiro;Mercado Pago;;14/05/2026;22/05/2026;SHOOW TOOLS - TWIGGY (BLACK) (MIXED (8/10/12/14mm));18000;1;;Móvil;1970349407;Sí;;;;No;;;;;;;;;Billetera virtual;;;;;
6106;89d3395f7b;;;;;;;;;;;;;;;;;SHOOW TOOLS - FOXY #1 (10PAIRS);21600;1;850056827089;;;Sí;;;;;;;;;;;;;;;;;;
6106;89d3395f7b;;;;;;;;;;;;;;;;;SHOOW TOOLS - SOFTLY BEAUTIFUL (10PAIRS);21600;1;850056827065;;;Sí;;;;;;;;;;;;;;;;;;
6106;89d3395f7b;;;;;;;;;;;;;;;;;SHOOW TOOLS - FOXY CAT EYE (10PAIRS);21600;1;850056827119;;;Sí;;;;;;;;;;;;;;;;;;
6106;89d3395f7b;;;;;;;;;;;;;;;;;ITALIA DELUXE - LIP LINER (1UNID) (TONO - NATURAL);0;1;;;;Sí;;;;;;;;;;;;;;;;;;
6105;511fc18120;14/05/2026 12:24:58;Archivada;Recibido;Entregado;ARS;64800;0.00;9094;73894;San Juan;Argentina;Envío Nube - Correo Argentino Clásico a domicilio;Mercado Pago;;14/05/2026;19/05/2026;SHOOW TOOLS - FOXY #1 (10PAIRS);21600;2;850056827089;Móvil;1970328509;Sí;;;;No;;;;;;;;;Billetera virtual;;;;;
6105;511fc18120;;;;;;;;;;;;;;;;;SHOOW TOOLS - FOXY CAT EYE (10PAIRS);21600;1;850056827119;;;Sí;;;;;;;;;;;;;;;;;;
6104;f970f2c15b;13/05/2026 23:56:15;Archivada;Recibido;Enviado;ARS;61200.1;0.00;4000;65200.1;Capital Federal;Argentina;Siempre EXPRESS Servicio Premium. Te enviamos un WhatsApp el día anterior a tu entrega con un rango horario de solo 2 a 4hs para que no te quedes esperando todo el día. Ahorrá tiempo.;Mercado Pago;;13/05/2026;18/05/2026;SHOOW TOOLS - FOXY CAT EYE (10PAIRS);21600;1;850056827119;Web;1969980987;Sí;;;;No;;;;;;;;;Billetera virtual;;;;;
6104;f970f2c15b;;;;;;;;;;;;;;;;;SHOOW TOOLS - ISABEL I (BLACK) (MIXED (8/10/12/14mm));18000;1;;;;Sí;;;;;;;;;;;;;;;;;;
6104;f970f2c15b;;;;;;;;;;;;;;;;;SHOOW TOOLS - MINI LIP CONTAINER (5 unid);10800.05;2;;;;Sí;;;;;;;;;;;;;;;;;;
6104;f970f2c15b;;;;;;;;;;;;;;;;;PESTAÑAS 1 PAR;0;1;;;;Sí;;;;;;;;;;;;;;;;;;
6103;750838b312;13/05/2026 17:11:45;Archivada;Recibido;Entregado;ARS;20000;0.00;4826;24826;Gran Buenos Aires;Argentina;Punto de retiro;Mercado Pago;;13/05/2026;21/05/2026;Elf cosmetics - Camo Color Corrector (orange);20000;1;609332848597;Web;1969560197;Sí;;;;No;;;;1;;;;;Tarjeta de crédito;;;;;
6102;f3b24a6df7;13/05/2026 16:46:34;Archivada;Recibido;Enviado;ARS;30000;10000.00;4000;24000;Capital Federal;Argentina;Siempre EXPRESS Servicio Premium. Te enviamos un WhatsApp el día anterior a tu entrega con un rango horario de solo 2 a 4hs para que no te quedes esperando todo el día. Ahorrá tiempo.;Transferencia;;13/05/2026;13/05/2026;Italia deluxe - Delineadores de labios (Hazelnut);10000;2;082353010646;Web;1962246204;Sí;;;;No;;;;;;;;;Transferencia o depósito;;;;;
6102;f3b24a6df7;;;;;;;;;;;;;;;;;Italia deluxe - Delineadores de labios (rich red);10000;1;082353010530;;;Sí;;;;;;;;;;;;;;;;;;
6101;e7c0bd6431;13/05/2026 15:52:51;Archivada;Recibido;Enviado;ARS;66000;19800.00;4000;50200;Capital Federal;Argentina;Siempre EXPRESS Servicio Premium. Te enviamos un WhatsApp el día anterior a tu entrega con un rango horario de solo 2 a 4hs para que no te quedes esperando todo el día. Ahorrá tiempo.;Mercado Pago;;13/05/2026;13/05/2026;SHOOW TOOLS - SO CLASSY (10PAIRS);36000;1;850056827027;Móvil;1969505098;Sí;;;;No;;;;;;;;;Billetera virtual;;;;;
6101;e7c0bd6431;;;;;;;;;;;;;;;;;SHOOW TOOLS - ISABEL I (BLACK) (8mm/10mm);30000;1;;;;Sí;;;;;;;;;;;;;;;;;;
6100;30f1b1096c;13/05/2026 13:14:22;Archivada;Recibido;Entregado;ARS;147000;145530.00;0;1470;;Argentina;Retirado en Punto de Venta;Otro;POS-ORDER-1778688850940;13/05/2026;13/05/2026;SHOOW TOOLS - SO CLASSY (10PAIRS);36000;1;850056827027;Punto de venta;1969366530;Sí;Beauty House;;;No;;;;;;;;;A convenir;;;;;
6100;30f1b1096c;;;;;;;;;;;;;;;;;SHOOW TOOLS - SOFT & SHORT (1 PAIR);12000;1;850056827133;;;Sí;;;;;;;;;;;;;;;;;;
6100;30f1b1096c;;;;;;;;;;;;;;;;;SHOOW TOOLS - FOXY CAT EYE (1 PAIR);12000;1;850056827232;;;Sí;;;;;;;;;;;;;;;;;;
6100;30f1b1096c;;;;;;;;;;;;;;;;;SHOOW TOOLS - ICONIC VOLUME (1 PAIR);12000;1;850056827164;;;Sí;;;;;;;;;;;;;;;;;;
6100;30f1b1096c;;;;;;;;;;;;;;;;;SHOOW TOOLS - ISABEL I (BLACK) (8mm/10mm);30000;1;;;;Sí;;;;;;;;;;;;;;;;;;
6100;30f1b1096c;;;;;;;;;;;;;;;;;SHOOW TOOLS - Triangle powder puff (3 units);15000;1;;;;Sí;;;;;;;;;;;;;;;;;;
6100;30f1b1096c;;;;;;;;;;;;;;;;;SHOOW TOOLS - CLARA BOW (BLACK);30000;1;;;;Sí;;;;;;;;;;;;;;;;;;
6099;30f1b1096c;13/05/2026 13:11:18;Archivada;Recibido;Entregado;ARS;216001;213840.99;0;2160.01;;Argentina;Retirado en Punto de Venta;Efectivo;POS-ORDER-1778688622873;13/05/2026;13/05/2026;SHOOW TOOLS - ICONIC VOLUME (10PARES);36000;1;850056827041;Punto de venta;1969363721;Sí;Beauty House;;;No;;;;;;;;;Efectivo;;;;;
6099;30f1b1096c;;;;;;;;;;;;;;;;;SHOOW TOOLS - TAYLOR (BLACK) (MIXED (8/10/12/14mm));30000;1;;;;Sí;;;;;;;;;;;;;;;;;;
6099;30f1b1096c;;;;;;;;;;;;;;;;;SHOOW TOOLS - TAYLOR (BLACK) (8mm/10mm);30000;1;;;;Sí;;;;;;;;;;;;;;;;;;
6099;30f1b1096c;;;;;;;;;;;;;;;;;SHOOW TOOLS - TWIGGY (BLACK) (MIXED (8/10/12/14mm));30000;1;;;;Sí;;;;;;;;;;;;;;;;;;
6099;30f1b1096c;;;;;;;;;;;;;;;;;SHOOW TOOLS - ISABEL I (BLACK) (MIXED (8/10/12/14mm));30000;1;;;;Sí;;;;;;;;;;;;;;;;;;
6099;30f1b1096c;;;;;;;;;;;;;;;;;SHOOW TOOLS - Elizabeth Taylor (BLACK);30000;1;;;;Sí;;;;;;;;;;;;;;;;;;
6099;30f1b1096c;;;;;;;;;;;;;;;;;SHOOW TOOLS - CLARA BOW (BLACK);30000;1;;;;Sí;;;;;;;;;;;;;;;;;;
6099;30f1b1096c;;;;;;;;;;;;;;;;;SHOOW TOOLS - WET N WILD;1;1;;;;Sí;;;;;;;;;;;;;;;;;;
6098;3dd672c9cc;13/05/2026 12:34:17;Archivada;Recibido;Enviado;ARS;202000;80800.00;0;121200;Gran Buenos Aires;Argentina;Envío personalizado;Transferencia o depósito;POS-ORDER-1778686406835;13/05/2026;13/05/2026;SHOOW TOOLS - FOXY CAT EYE (10PAIRS);36000;1;850056827119;Punto de venta;1969329781;Sí;Beauty House;;;No;;;;;;;;;Transferencia o depósito;;;;;
6098;3dd672c9cc;;;;;;;;;;;;;;;;;SHOOW TOOLS - SO CLASSY (10PAIRS);36000;1;850056827027;;;Sí;;;;;;;;;;;;;;;;;;
6098;3dd672c9cc;;;;;;;;;;;;;;;;;SHOOW TOOLS - CLARA BOW (BLACK);30000;1;;;;Sí;;;;;;;;;;;;;;;;;;
6098;3dd672c9cc;;;;;;;;;;;;;;;;;ITALIA DELUXE - DELINEADOR DE LABIOS (DOCENA);100000;1;;;;Sí;;;;;;;;;;;;;;;;;;
6096;d255f905ba;13/05/2026 11:29:47;Cancelada;Recibido;No está empaquetado;ARS;70000.28;17500.07;4826;57326.21;Capital Federal;Argentina;Punto de retiro;Transferencia;;13/05/2026;;Essence - Lash Without Limits Extreme Lengthening & Volume Mascara (Marron);35000.14;2;4059729421425;Web;1969254644;Sí;;20/05/2026 11:03:32;El cliente cambió de idea;No;;;;;;;;;Transferencia o depósito;;;;;
6095;a35785dbd7;13/05/2026 10:38:46;Archivada;Recibido;Entregado;ARS;105000.02;42900.00;5162;67262.02;Gran Buenos Aires;Argentina;Punto de retiro;Mercado Pago;MILIS10;13/05/2026;20/05/2026;SHOOW TOOLS - ISABEL I (BLACK) (MIXED (8/10/12/14mm));30000;2;;Móvil;1969211776;Sí;;;;No;;;;;;;;;Billetera virtual;;;;;
6095;a35785dbd7;;;;;;;;;;;;;;;;;SHOOW TOOLS - ISABEL I (BLACK) (8mm/10mm);30000;1;;;;Sí;;;;;;;;;;;;;;;;;;
6095;a35785dbd7;;;;;;;;;;;;;;;;;Accesorios para peinados - Liga elastica para colas de caballo (10 unidades);15000.02;1;2A9HKYR0025697622;;;Sí;;;;;;;;;;;;;;;;;;
6095;a35785dbd7;;;;;;;;;;;;;;;;;ITALIA DELUXE - LIP LINER (1UNID) (TONO - HAZELNUT);0;1;;;;Sí;;;;;;;;;;;;;;;;;;
6094;ae22a6b904;13/05/2026 09:43:28;Archivada;Recibido;Entregado;ARS;81000.02;32400.01;0;48600.01;Buenos Aires;Argentina;MANDO A RETIRAR ;Transferencia;;13/05/2026;14/05/2026;SHOOW TOOLS - ISABEL I (BLACK) (MIXED (8/10/12/14mm));30000;1;;Móvil;1965380004;Sí;;;;No;;;;;;;;;Transferencia o depósito;;;;;
6094;ae22a6b904;;;;;;;;;;;;;;;;;SHOOW TOOLS - FOXY #1 (10PAIRS);36000;1;850056827089;;;Sí;;;;;;;;;;;;;;;;;;
6094;ae22a6b904;;;;;;;;;;;;;;;;;MOONSHINE POMPÓN - ILUMINADOR CORPORAL;15000.02;1;;;;Sí;;;;;;;;;;;;;;;;;;
6093;56e46a83bd;13/05/2026 09:04:16;Archivada;Recibido;Enviado;ARS;70000;13500.00;7000;63500;Gran Buenos Aires;Argentina;Siempre EXPRESS Servicio Premium. Te enviamos un WhatsApp el día anterior a tu entrega con un rango horario de solo 2 a 4hs para que no te quedes esperando todo el día. Ahorrá tiempo.;Pago Nube;;13/05/2026;13/05/2026;SHOOW TOOLS - Triangle powder puff (3 units);15000;1;;Móvil;1945595565;Sí;;;;No;;;4637.78;1;;;;58862.22;Tarjeta de crédito;13/05/2026 09:04:18;;;;
6093;56e46a83bd;;;;;;;;;;;;;;;;;ELF COSMETICS - PUTTY BRONZER (Tan lines);25000;1;609332827820;;;Sí;;;;;;;;;;;;;;;;;;
6093;56e46a83bd;;;;;;;;;;;;;;;;;SHOOW TOOLS - ISABEL I (BLACK) (MIXED (8/10/12/14mm));30000;1;;;;Sí;;;;;;;;;;;;;;;;;;
6091;c4fecab4f7;12/05/2026 20:16:02;Archivada;Recibido;Entregado;ARS;47500;0.00;5010;52510;Capital Federal;Argentina;Punto de retiro;Transferencia;;12/05/2026;20/05/2026;Elf cosmetics - Instant lift brow (Lapiz de cejas) (Taupe);15000;1;609332217218;Web;1968721544;Sí;;;;No;;;;;;;;;Transferencia o depósito;;;;;
6091;c4fecab4f7;;;;;;;;;;;;;;;;;"BH - Pestañas ""MUY SOCIALES"" (20 pares)";20000;1;;;;Sí;;;;;;;;;;;;;;;;;;
6091;c4fecab4f7;;;;;;;;;;;;;;;;;AOA STUDIO - CORRECTOR ALTA COBERTURA (Porcelain);12500;1;100000108208;;;Sí;;;;;;;;;;;;;;;;;;
6089;95a2a93c2e;12/05/2026 17:48:06;Archivada;Recibido;Entregado;ARS;149349.96;43200.00;8434;114583.96;Córdoba;Argentina;Envío Nube - Correo Argentino Clásico a domicilio;Transferencia;;12/05/2026;19/05/2026;SHOOW TOOLS - FOXY #1 (10PAIRS);36000;3;850056827089;Móvil;1968564108;Sí;;;;No;;;;;;;;;Transferencia o depósito;;;;;
6089;95a2a93c2e;;;;;;;;;;;;;;;;;ELF COSMETICS - HALO GLOW LIQUID FILTER (1 FAIR);41349.96;1;609332821132;;;Sí;;;;;;;;;;;;;;;;;;
6089;95a2a93c2e;;;;;;;;;;;;;;;;;MOONSHINE POMPÓN;0;1;;;;Sí;;;;;;;;;;;;;;;;;;
6088;01084f2656;12/05/2026 16:58:46;Archivada;Recibido;Entregado;ARS;30000;10000.00;0;20000;Capital Federal;Argentina;MANDO A RETIRAR ;Transferencia;;12/05/2026;15/05/2026;Italia deluxe - Delineadores de labios (Natural);10000;1;082353010332;Móvil;1968530186;Sí;;;;No;;;;;;;;;Transferencia o depósito;;;;;
6088;01084f2656;;;;;;;;;;;;;;;;;Italia deluxe - Delineadores de labios (Mauve);10000;2;082353010547;;;Sí;;;;;;;;;;;;;;;;;;
6086;523cecb059;12/05/2026 11:59:29;Archivada;Recibido;Entregado;ARS;96000;38400.00;10528;68128;Chubut;Argentina;Envío Nube - Correo Argentino Clásico a domicilio;Pago Nube;;12/05/2026;20/05/2026;SHOOW TOOLS - FOXY #1 (10PAIRS);36000;1;850056827089;Móvil;1968244348;Sí;;;;No;;;4975.79;1;;;;63152.21;Tarjeta de crédito;12/05/2026 11:59:30;;;;
6086;523cecb059;;;;;;;;;;;;;;;;;SHOOW TOOLS - ISABEL I (BLACK) (MIXED (8/10/12/14mm));30000;1;;;;Sí;;;;;;;;;;;;;;;;;;
6086;523cecb059;;;;;;;;;;;;;;;;;SHOOW TOOLS - CLARA BOW (BLACK);30000;1;;;;Sí;;;;;;;;;;;;;;;;;;
6085;1c85ab58c6;11/05/2026 22:01:20;Archivada;Recibido;Entregado;ARS;160000;0.00;10014;170014;Santiago del Estero;Argentina;Envío Nube - Correo Argentino Clásico a domicilio;Pago Nube;;11/05/2026;18/05/2026;MAKE UP FOR EVER - HD SKIN FACE ESSENTIALS PALETTE WITH HIGHLIGHTER (HARMONY 3);160000;1;;Web;1967765636;Sí;;;;No;;;12417.14;1;;;;157596.86;Tarjeta de crédito;11/05/2026 22:01:21;;;;
6084;fd4a4c5d59;11/05/2026 19:41:22;Archivada;Recibido;Entregado;ARS;156000;76440.00;11938;91498;Formosa;Argentina;Envío Nube - Correo Argentino Clásico a domicilio;Pago Nube;LUCIAN15;11/05/2026;27/05/2026;SHOOW TOOLS - ISABEL I (CHOCOLATE) (8/8/10/12 mm);30000;1;;Móvil;1967567221;Sí;;;;No;;;6682.64;1;;;;84815.36;Tarjeta de crédito;11/05/2026 19:41:26;;;;
6084;fd4a4c5d59;;;;;;;;;;;;;;;;;SHOOW TOOLS - CLARA BOW (BLACK);30000;1;;;;Sí;;;;;;;;;;;;;;;;;;
6084;fd4a4c5d59;;;;;;;;;;;;;;;;;SHOOW TOOLS - TWIGGY (BLACK) (MIXED (8/10/12/14mm));30000;1;;;;Sí;;;;;;;;;;;;;;;;;;
6084;fd4a4c5d59;;;;;;;;;;;;;;;;;SHOOW TOOLS - ISABEL I (BLACK) (MIXED (8/10/12/14mm));30000;1;;;;Sí;;;;;;;;;;;;;;;;;;
6084;fd4a4c5d59;;;;;;;;;;;;;;;;;SHOOW TOOLS - FOXY CAT EYE (10PAIRS);36000;1;850056827119;;;Sí;;;;;;;;;;;;;;;;;;
6084;fd4a4c5d59;;;;;;;;;;;;;;;;;ITALIA DELUXE - LIP LINER (1UNID) (TONO - NATURAL);0;1;;;;Sí;;;;;;;;;;;;;;;;;;
6083;2c1e33f955;11/05/2026 16:20:32;Archivada;Recibido;Entregado;ARS;106000;19800.00;6763.34;92963.34;Buenos Aires;Argentina;Punto de retiro;Pago Nube;;11/05/2026;23/06/2026;SHOOW TOOLS - CLARA BOW (BLACK);30000;1;;Web;1967388171;Sí;;;;No;;;6789.67;1;;;;86173.67;Tarjeta de crédito;11/05/2026 16:20:34;;;;
6083;2c1e33f955;;;;;;;;;;;;;;;;;(MAYORISTA) AOA STUDIO - PEGA DE PESTAÑAS LASH GLUE - (4 unid);40000;1;3D24A;;;Sí;;;;;;;;;;;;;;;;;;
6083;2c1e33f955;;;;;;;;;;;;;;;;;SHOOW TOOLS - FOXY #1 (10PAIRS);36000;1;850056827089;;;Sí;;;;;;;;;;;;;;;;;;
6083;2c1e33f955;;;;;;;;;;;;;;;;;ITALIA DELUXE - LIP LINER (1UNID) (TONO - HAZELNUT);0;1;;;;Sí;;;;;;;;;;;;;;;;;;
6082;885de40acb;11/05/2026 15:17:04;Archivada;Recibido;Enviado;ARS;120600;48240.00;0;72360;Gran Buenos Aires;Argentina;Envío personalizado;Transferencia o depósito;POS-ORDER-1778523185119;11/05/2026;14/05/2026;SHOOW TOOLS - TAYLOR (BLACK) (8mm/10mm);30000;1;;Punto de venta;1967340768;Sí;Beauty House;;;No;;;;;;;;;Transferencia o depósito;;;;;
6082;885de40acb;;;;;;;;;;;;;;;;;SHOOW TOOLS - ISABEL I (BLACK) (MIXED (8/10/12/14mm));30000;1;;;;Sí;;;;;;;;;;;;;;;;;;
6082;885de40acb;;;;;;;;;;;;;;;;;SHOOW TOOLS - CLARA BOW (BLACK);30000;1;;;;Sí;;;;;;;;;;;;;;;;;;
6082;885de40acb;;;;;;;;;;;;;;;;;SHOOW TOOLS - SO CLASSY (10PAIRS);30600;1;850056827027;;;Sí;;;;;;;;;;;;;;;;;;
6081;cbe84e1411;11/05/2026 14:01:53;Archivada;Recibido;Entregado;ARS;30000;9000.00;10068;31068;Jujuy;Argentina;Envío Nube - Correo Argentino Clásico a domicilio;Transferencia;;11/05/2026;18/05/2026;SHOOW TOOLS - TWIGGY (BLACK) (MIXED (8/10/12/14mm));30000;1;;Móvil;1967254373;Sí;;;;No;;;;;;;;;Transferencia o depósito;;;;;
6080;c27ea683c3;11/05/2026 12:25:50;Archivada;Recibido;Entregado;ARS;40000;10000.00;5261;35261;Capital Federal;Argentina;Punto de retiro;Pago Nube;;11/05/2026;19/05/2026;Italia deluxe - Delineadores de labios (hot cocoa);10000;1;082353010608;Móvil;1967132273;Sí;;;;No;;;2575.32;1;;881.52;;31804.16;Tarjeta de crédito;11/05/2026 12:25:53;;;;
6080;c27ea683c3;;;;;;;;;;;;;;;;;Italia deluxe - Delineadores de labios (natural beige);10000;1;082353010523;;;Sí;;;;;;;;;;;;;;;;;;
6080;c27ea683c3;;;;;;;;;;;;;;;;;Italia deluxe - Delineadores de labios (Chocolate);10000;1;082353010332;;;Sí;;;;;;;;;;;;;;;;;;
6080;c27ea683c3;;;;;;;;;;;;;;;;;Italia deluxe - Delineadores de labios (Brown);10000;1;082353010400;;;Sí;;;;;;;;;;;;;;;;;;
6078;b44f3fdea9;10/05/2026 20:25:57;Archivada;Recibido;Entregado;ARS;140670.06;10000.00;6673;137343.06;San Juan;Argentina;Punto de retiro;Mercado Pago;;10/05/2026;22/05/2026;Italia deluxe - Delineadores de labios (hot cocoa);10000;1;082353010608;Móvil;1966470923;Sí;;;;No;;;;;;;;;Billetera virtual;;;;;
6078;b44f3fdea9;;;;;;;;;;;;;;;;;Italia deluxe - Delineadores de labios (Mauve);10000;1;082353010547;;;Sí;;;;;;;;;;;;;;;;;;
6078;b44f3fdea9;;;;;;;;;;;;;;;;;Italia deluxe - Delineadores de labios (Hazelnut);10000;1;082353010646;;;Sí;;;;;;;;;;;;;;;;;;
6078;b44f3fdea9;;;;;;;;;;;;;;;;;WET N WILD - COLOR ICON MULTI-STICK (CHAMPAGNE ROOM);20670.04;1;077802365743;;;Sí;;;;;;;;;;;;;;;;;;
6078;b44f3fdea9;;;;;;;;;;;;;;;;;Charlotte Tilbury - Mini Hollywood Blush & Glow Palette (Fair-Medium);75000;1;5056446619653;;;Sí;;;;;;;;;;;;;;;;;;
6078;b44f3fdea9;;;;;;;;;;;;;;;;;PESTAÑAS 10 PAR;0;1;;;;Sí;;;;;;;;;;;;;;;;;;
6078;b44f3fdea9;;;;;;;;;;;;;;;;;AOA STUDIO - DROP BASE FULL COBERTURA (Pure beige);7500.01;1;100000105191;;;Sí;;;;;;;;;;;;;;;;;;
6078;b44f3fdea9;;;;;;;;;;;;;;;;;AOA STUDIO - DROP BASE FULL COBERTURA (Sand);7500.01;1;100000105184;;;Sí;;;;;;;;;;;;;;;;;;
6077;662ba5c26e;10/05/2026 19:39:31;Archivada;Recibido;Entregado;ARS;35000;0.00;8875.12;43875.12;Córdoba;Argentina;Envío Nube - Andreani a domicilio;Mercado Pago;;10/05/2026;20/05/2026;COLOURPOP - THE MANDALORIAN;35000;1;192250022182;Móvil;1966450550;Sí;;;;No;;;;;;;;;Billetera virtual;;;;;
6076;5534578ebd;10/05/2026 19:32:30;Archivada;Recibido;Entregado;ARS;133868.05;20000.00;8170;122038.05;Gran Buenos Aires;Argentina;Envío Nube - Correo Argentino Clásico a domicilio;Pago Nube;;10/05/2026;14/05/2026;Italia deluxe - Delineadores de labios (Bare);10000;1;082353010592;Móvil;1966428468;Sí;;;;No;;;8913.17;1;;;;113124.88;Tarjeta de crédito;10/05/2026 19:32:33;;;;
6076;5534578ebd;;;;;;;;;;;;;;;;;Italia deluxe - Delineadores de labios (natural beige);10000;1;082353010523;;;Sí;;;;;;;;;;;;;;;;;;
6076;5534578ebd;;;;;;;;;;;;;;;;;Italia deluxe - Delineadores de labios (Brown);10000;1;082353010400;;;Sí;;;;;;;;;;;;;;;;;;
6076;5534578ebd;;;;;;;;;;;;;;;;;Italia deluxe - Delineadores de labios (Hazelnut);10000;1;082353010646;;;Sí;;;;;;;;;;;;;;;;;;
6076;5534578ebd;;;;;;;;;;;;;;;;;Italia deluxe - Delineadores de labios (hot red);10000;1;082353010479;;;Sí;;;;;;;;;;;;;;;;;;
6076;5534578ebd;;;;;;;;;;;;;;;;;Italia deluxe - Delineadores de labios (Dusty rose);10000;1;082353010424;;;Sí;;;;;;;;;;;;;;;;;;
6076;5534578ebd;;;;;;;;;;;;;;;;;Elf cosmetics - Camo Color Corrector (orange);20000;1;609332848597;;;Sí;;;;;;;;;;;;;;;;;;
6076;5534578ebd;;;;;;;;;;;;;;;;;Wet n wild - Brow pencil (Lapiz de cejas) (Medium brow);23868.05;1;077802360793;;;Sí;;;;;;;;;;;;;;;;;;
6076;5534578ebd;;;;;;;;;;;;;;;;;Schwarzkopf - GOT2B gel;30000;1;052336341456;;;Sí;;;;;;;;;;;;;;;;;;
6076;5534578ebd;;;;;;;;;;;;;;;;;ITALIA DELUXE - LIP LINER (1UNID) (TONO - NATURAL);0;1;;;;Sí;;;;;;;;;;;;;;;;;;
6075;124e164c09;10/05/2026 19:09:27;Archivada;Recibido;Enviado;ARS;160000;0.00;0;160000;Capital Federal;Argentina;Siempre EXPRESS Servicio Premium. Te enviamos un WhatsApp el día anterior a tu entrega con un rango horario de solo 2 a 4hs para que no te quedes esperando todo el día. Ahorrá tiempo.;Mercado Pago;;10/05/2026;13/05/2026;MAKE UP FOR EVER - HD SKIN FACE ESSENTIALS PALETTE WITH HIGHLIGHTER (HARMONY 3);160000;1;;Web;1966423931;Sí;;;;No;;;;2;;;;;Tarjeta de crédito;;;;;
6074;caa1c89982;10/05/2026 13:14:01;Archivada;Recibido;Enviado;ARS;20000;4000.00;5000;21000;Capital Federal;Argentina;Siempre EXPRESS Servicio Premium. Te enviamos un WhatsApp el día anterior a tu entrega con un rango horario de solo 2 a 4hs para que no te quedes esperando todo el día. Ahorrá tiempo.;Pago Nube;;10/05/2026;13/05/2026;Italia deluxe - Delineadores de labios (Mauve);10000;1;082353010547;Móvil;1966144817;Sí;;;;No;;;257.79;;;525.00;;20217.21;Transferencia o depósito;10/05/2026 13:16:42;;;13/05/2026 23:59:59;
6074;caa1c89982;;;;;;;;;;;;;;;;;Italia deluxe - Delineadores de labios (Natural);10000;1;082353010332;;;Sí;;;;;;;;;;;;;;;;;;
6073;a5b3d3f3f2;10/05/2026 11:50:09;Archivada;Recibido;Entregado;ARS;49000;14700.00;8739.46;43039.46;Cordoba;Argentina;Envío Nube - Andreani a domicilio;Pago Nube;;10/05/2026;21/05/2026;SHOOW TOOLS - ISABEL I (BLACK) (MIXED (8/10/12/14mm));30000;1;;Móvil;1966076589;Sí;;;;No;;;3143.43;1;;;;39896.03;Tarjeta de crédito;10/05/2026 11:50:11;;;;
6073;a5b3d3f3f2;;;;;;;;;;;;;;;;;SHOOW TOOLS - MANIQUI DE SILICONA PARA MAQUILLAJES (Grises);19000;1;888877776666;;;Sí;;;;;;;;;;;;;;;;;;
6072;6446003e8f;10/05/2026 10:09:26;Archivada;Recibido;Entregado;ARS;72000;21600.00;8875.12;59275.12;Córdoba;Argentina;Envío Nube - Andreani a domicilio;Mercado Pago;;10/05/2026;20/05/2026;SHOOW TOOLS - FOXY CAT EYE (10PAIRS);36000;2;850056827119;Móvil;1960257933;Sí;;;;No;;;;;;;;;Billetera virtual;;;;;
6071;82eb898d14;09/05/2026 19:53:47;Archivada;Recibido;Enviado;ARS;231000;127050.00;8000;111950;Gran Buenos Aires;Argentina;Siempre EXPRESS Servicio Premium. Te enviamos un WhatsApp el día anterior a tu entrega con un rango horario de solo 2 a 4hs para que no te quedes esperando todo el día. Ahorrá tiempo.;Efectivo (Billete);;11/05/2026;11/05/2026;SHOOW TOOLS - ISABEL I (BLACK) (MIXED (8/10/12/14mm));30000;1;;Móvil;1965662385;Sí;;;;No;;;;;;;;;Efectivo;;;;;
6071;82eb898d14;;;;;;;;;;;;;;;;;SHOOW TOOLS - FOXY CAT EYE (10PAIRS);36000;1;850056827119;;;Sí;;;;;;;;;;;;;;;;;;
6071;82eb898d14;;;;;;;;;;;;;;;;;SHOOW TOOLS - TWIGGY (BLACK) (MIXED (8/10/12/14mm));30000;1;;;;Sí;;;;;;;;;;;;;;;;;;
6071;82eb898d14;;;;;;;;;;;;;;;;;SHOOW TOOLS - TAYLOR (BLACK) (MIXED (8/10/12/14mm));30000;1;;;;Sí;;;;;;;;;;;;;;;;;;
6071;82eb898d14;;;;;;;;;;;;;;;;;SHOOW TOOLS - Elizabeth Taylor (BLACK);30000;1;;;;Sí;;;;;;;;;;;;;;;;;;
6071;82eb898d14;;;;;;;;;;;;;;;;;SHOOW TOOLS - Triangle powder puff (3 units);15000;1;;;;Sí;;;;;;;;;;;;;;;;;;
6071;82eb898d14;;;;;;;;;;;;;;;;;SHOOW TOOLS - ISABEL I (CHOCOLATE) (8/8/10/12 mm);30000;1;;;;Sí;;;;;;;;;;;;;;;;;;
6071;82eb898d14;;;;;;;;;;;;;;;;;SHOOW TOOLS - ISABEL I (BLACK) (8mm/10mm);30000;1;;;;Sí;;;;;;;;;;;;;;;;;;
6069;c345e52d63;09/05/2026 19:06:23;Archivada;Recibido;Enviado;ARS;60000;31440.00;5000;33560;Capital Federal;Argentina;Siempre EXPRESS Servicio Premium. Te enviamos un WhatsApp el día anterior a tu entrega con un rango horario de solo 2 a 4hs para que no te quedes esperando todo el día. Ahorrá tiempo.;Pago Nube;LUCIAN15;09/05/2026;13/05/2026;SHOOW TOOLS - ISABEL I (BLACK) (MIXED (8/10/12/14mm));30000;1;;Móvil;1965615319;Sí;;;;No;;;411.98;;;839.00;;32309.02;Transferencia o depósito;09/05/2026 19:07:52;;;12/05/2026 23:59:59;
6069;c345e52d63;;;;;;;;;;;;;;;;;SHOOW TOOLS - TWIGGY (BLACK) (MIXED (8/10/12/14mm));30000;1;;;;Sí;;;;;;;;;;;;;;;;;;
6067;66d21bc548;08/05/2026 17:41:54;Archivada;Recibido;Entregado;ARS;120000;60000.00;6864;66864;Salta;Argentina;Envío Nube - Correo Argentino Clásico a sucursal;Transferencia o depósito;POS-ORDER-1778272472863;08/05/2026;08/05/2026;Italia deluxe - Delineadores de labios (Hazelnut);10000;2;082353010646;Punto de venta;1964736008;Sí;Beauty House;;;No;;;;;;;;;Transferencia o depósito;;;;;
6067;66d21bc548;;;;;;;;;;;;;;;;;Italia deluxe - Delineadores de labios (Brown);10000;2;082353010400;;;Sí;;;;;;;;;;;;;;;;;;
6067;66d21bc548;;;;;;;;;;;;;;;;;Italia deluxe - Delineadores de labios (hot red);10000;2;082353010479;;;Sí;;;;;;;;;;;;;;;;;;
6067;66d21bc548;;;;;;;;;;;;;;;;;Italia deluxe - Delineadores de labios (Dusty rose);10000;2;082353010424;;;Sí;;;;;;;;;;;;;;;;;;
6067;66d21bc548;;;;;;;;;;;;;;;;;Italia deluxe - Delineadores de labios (Chocolate);10000;2;082353010332;;;Sí;;;;;;;;;;;;;;;;;;
6067;66d21bc548;;;;;;;;;;;;;;;;;Italia deluxe - Delineadores de labios (terracotta);10000;2;082353010653;;;Sí;;;;;;;;;;;;;;;;;;
6065;30f1b1096c;08/05/2026 11:45:14;Archivada;Recibido;Enviado;ARS;51000;50490.00;5000;5510;Capital Federal;Argentina;EXPRESS;Otro;POS-ORDER-1778251506572;08/05/2026;11/05/2026;SHOOW TOOLS - FOXY CAT EYE (10PAIRS);36000;1;850056827119;Punto de venta;1964454194;Sí;Beauty House;;;No;;;;;;;;;A convenir;;;;;
6065;30f1b1096c;;;;;;;;;;;;;;;;;SHOOW TOOLS - Triangle powder puff (3 units);15000;1;;;;Sí;;;;;;;;;;;;;;;;;;
6064;30f1b1096c;07/05/2026 16:54:46;Archivada;Recibido;Entregado;ARS;112001;110880.99;0;1120.01;;Argentina;Retirado en Punto de Venta;Otro;POS-ORDER-1778183637831;07/05/2026;07/05/2026;SHOOW TOOLS - FOXY CAT EYE (10PAIRS);36000;1;850056827119;Punto de venta;1963861095;Sí;Beauty House;;;No;;;;;;;;;A convenir;;;;;
6064;30f1b1096c;;;;;;;;;;;;;;;;;SHOOWTOOLS - WET N WILD (CLUSTER);1;1;;;;Sí;;;;;;;;;;;;;;;;;;
6064;30f1b1096c;;;;;;;;;;;;;;;;;SHOOW TOOLS - Elizabeth Taylor (BLACK);30000;1;;;;Sí;;;;;;;;;;;;;;;;;;
6064;30f1b1096c;;;;;;;;;;;;;;;;;SHOOW TOOLS - (MINI) TRIANGLE POWDER PUFF;10000;1;;;;Sí;;;;;;;;;;;;;;;;;;
6064;30f1b1096c;;;;;;;;;;;;;;;;;SHOOW TOOLS - SOFT & SHORT (10PAIRS);36000;1;850056827010;;;Sí;;;;;;;;;;;;;;;;;;
6062;7848a95cfb;06/05/2026 18:31:01;Archivada;Recibido;Entregado;ARS;20000;0.00;0;20000;Capital Federal;Argentina;MANDO A RETIRAR ;Mercado Pago;;06/05/2026;02/06/2026;Elf cosmetics - Camo Color Corrector (orange);20000;1;609332848597;Móvil;1963111801;Sí;;;;No;;;;1;;;;;Tarjeta de crédito;;;;;
6061;cde6bde978;06/05/2026 16:23:50;Archivada;Recibido;Enviado;ARS;108000;0.00;8000;116000;Gran Buenos Aires;Argentina;Siempre EXPRESS Servicio Premium. Te enviamos un WhatsApp el día anterior a tu entrega con un rango horario de solo 2 a 4hs para que no te quedes esperando todo el día. Ahorrá tiempo.;Pago Nube;;06/05/2026;11/05/2026;SHOOW TOOLS - CLARA BOW (BLACK);30000;3;;Móvil;1957380868;Sí;;;;No;;;8472.17;1;;;;107527.83;Tarjeta de crédito;06/05/2026 16:23:52;;;;
6061;cde6bde978;;;;;;;;;;;;;;;;;AOA STUDIO - PEGA DE PESTAÑAS LASH GLUE;18000;1;3D24A;;;Sí;;;;;;;;;;;;;;;;;;
6061;cde6bde978;;;;;;;;;;;;;;;;;MOONSHINE POMPÓN;0;1;;;;Sí;;;;;;;;;;;;;;;;;;
6060;a5bf167e27;06/05/2026 14:03:46;Archivada;Recibido;Enviado;ARS;120000;72000.00;8000;56000;Gran Buenos Aires;Argentina;Envío personalizado;Transferencia o depósito;POS-ORDER-1778086858235;06/05/2026;06/05/2026;Italia deluxe - Delineadores de labios (Dusty rose);10000;3;082353010424;Punto de venta;1962913501;Sí;Beauty House;;;No;;;;;;;;;Transferencia o depósito;;;;06/05/2026 14:03:47;
6060;a5bf167e27;;;;;;;;;;;;;;;;;Italia deluxe - Delineadores de labios (Brown);10000;3;082353010400;;;Sí;;;;;;;;;;;;;;;;;;
6060;a5bf167e27;;;;;;;;;;;;;;;;;Italia deluxe - Delineadores de labios (Hazelnut);10000;3;082353010646;;;Sí;;;;;;;;;;;;;;;;;;
6060;a5bf167e27;;;;;;;;;;;;;;;;;Italia deluxe - Delineadores de labios (rich red);10000;3;082353010530;;;Sí;;;;;;;;;;;;;;;;;;
6059;d2c95c7bb4;06/05/2026 13:50:55;Archivada;Recibido;Entregado;ARS;258000;96000.00;0;162000;;Argentina;Retirado en Punto de Venta;LINK DE PAGO 3 CUOTAS;POS-ORDER-1778086063557;06/05/2026;13/05/2026;SHOOW TOOLS - TWIGGY (BLACK) (MIXED (8/10/12/14mm));30000;4;;Punto de venta;1962903287;Sí;Beauty House;;;No;;;;;;;;;A convenir;;;;;
6059;d2c95c7bb4;;;;;;;;;;;;;;;;;SHOOW TOOLS - TAYLOR (BLACK) (MIXED (8/10/12/14mm));30000;4;;;;Sí;;;;;;;;;;;;;;;;;;
6059;d2c95c7bb4;;;;;;;;;;;;;;;;;AOA STUDIO - PEGA DE PESTAÑAS LASH GLUE;18000;1;3D24A;;;Sí;;;;;;;;;;;;;;;;;;
6058;103f6f28d7;06/05/2026 09:58:32;Archivada;Recibido;Entregado;ARS;48000;9600.00;9454.24;47854.24;Misiones;Argentina;Envío Nube - Andreani a domicilio;Pago Nube;;06/05/2026;14/05/2026;SHOOW TOOLS - CLARA BOW (BLACK);30000;1;;Móvil;1962549096;Sí;;;;No;;;587.45;;;;;47266.79;Transferencia o depósito;06/05/2026 10:01:30;;;09/05/2026 23:59:59;
6058;103f6f28d7;;;;;;;;;;;;;;;;;AOA STUDIO - PEGA DE PESTAÑAS LASH GLUE;18000;1;3D24A;;;Sí;;;;;;;;;;;;;;;;;;
6057;5babaa334e;05/05/2026 22:35:03;Archivada;Recibido;Entregado;ARS;90000;32625.00;0;57375;Capital Federal;Argentina;Beauty House;Efectivo (Billete);LUCIAN15;06/05/2026;06/05/2026;SHOOW TOOLS - ISABEL I (BLACK) (MIXED (8/10/12/14mm));30000;3;;Móvil;1962471275;Sí;;;;No;;;;;;;;;Efectivo;;;;;
6054;b70b3e0fce;05/05/2026 19:16:06;Archivada;Recibido;Entregado;ARS;30000;0.00;8688;38688;Gran Buenos Aires;Argentina;Envío Nube - Correo Argentino Expreso a domicilio;Mercado Pago;;05/05/2026;12/05/2026;SHOOW TOOLS - ISABEL I (BLACK) (8mm/10mm);30000;1;;Móvil;1962308537;Sí;;;;No;;;;;;;;;Billetera virtual;;;;;
6053;dc27f4ebe0;05/05/2026 16:19:30;Archivada;Recibido;Entregado;ARS;20000;0.00;0;20000;Capital Federal;Argentina;MANDO A RETIRAR ;Mercado Pago;;05/05/2026;05/05/2026;"BH - PESTAÑAS ""SOCIAL DRAG VIBE"" (20 PARES)";20000;1;;Móvil;1962181650;Sí;;;;No;;;;;;;;;Billetera virtual;;;;;
6051;d2c95c7bb4;05/05/2026 10:01:35;Archivada;Recibido;Entregado;ARS;150000;60000.00;0;90000;;Argentina;Retirado en Punto de Venta;link de pago - mp;POS-ORDER-1777985841667;05/05/2026;05/05/2026;SHOOW TOOLS - TAYLOR (BLACK) (MIXED (8/10/12/14mm));30000;4;;Punto de venta;1961887808;Sí;Beauty House;;;No;;;;;;;;;A convenir;;;;;
6051;d2c95c7bb4;;;;;;;;;;;;;;;;;SHOOW TOOLS - TWIGGY (BLACK) (8mm/10mm);30000;1;;;;Sí;;;;;;;;;;;;;;;;;;
6050;53f09adddb;05/05/2026 00:38:31;Archivada;Recibido;Listo para enviar;ARS;65000;0.00;0;65000;Gran Buenos Aires;Argentina;Beauty House;Efectivo (Billete);;05/05/2026;;Italia deluxe - Delineadores de labios (Mauve);5000;2;082353010547;Web;1961720007;Sí;;;;No;;;;;;;;;Efectivo;;;;;
6050;53f09adddb;;;;;;;;;;;;;;;;;Italia deluxe - Delineadores de labios (Dusty rose);5000;1;082353010424;;;Sí;;;;;;;;;;;;;;;;;;
6050;53f09adddb;;;;;;;;;;;;;;;;;"BH - PESTAÑAS ""SOCIAL DRAG VIBE"" (20 PARES)";20000;1;;;;Sí;;;;;;;;;;;;;;;;;;
6050;53f09adddb;;;;;;;;;;;;;;;;;SHOOW TOOLS - TAYLOR (BLACK) (MIXED (8/10/12/14mm));30000;1;;;;Sí;;;;;;;;;;;;;;;;;;
6050;53f09adddb;;;;;;;;;;;;;;;;;ITALIA DELUXE - LIP LINER (1UNID) (TONO - HAZELNUT);0;1;;;;Sí;;;;;;;;;;;;;;;;;;
6049;c49e8c3f40;04/05/2026 23:57:17;Archivada;Recibido;Enviado;ARS;20000;0.00;5000;25000;Capital Federal;Argentina;Siempre EXPRESS Servicio Premium. Te enviamos un WhatsApp el día anterior a tu entrega con un rango horario de solo 2 a 4hs para que no te quedes esperando todo el día. Ahorrá tiempo.;Mercado Pago;;04/05/2026;05/05/2026;Italia deluxe - Delineadores de labios (Hazelnut);5000;1;082353010646;Móvil;1961690908;Sí;;;;No;;;;1;;;;;Tarjeta de crédito;;;;;
6049;c49e8c3f40;;;;;;;;;;;;;;;;;Italia deluxe - Delineadores de labios (natural beige);5000;1;082353010523;;;Sí;;;;;;;;;;;;;;;;;;
6049;c49e8c3f40;;;;;;;;;;;;;;;;;Italia deluxe - Delineadores de labios (hot cocoa);5000;1;082353010608;;;Sí;;;;;;;;;;;;;;;;;;
6049;c49e8c3f40;;;;;;;;;;;;;;;;;Italia deluxe - Delineadores de labios (Mauve);5000;1;082353010547;;;Sí;;;;;;;;;;;;;;;;;;
6048;fc633e5b2f;04/05/2026 12:46:57;Archivada;Recibido;Entregado;ARS;54000;0.00;0;54000;Gran Buenos Aires;Argentina;Punto de retiro;Mercado Pago;;04/05/2026;08/05/2026;SHOOW TOOLS - FOXY #1 (10PAIRS);36000;1;850056827089;Móvil;1960930227;Sí;;;;No;;;;3;;;;;Tarjeta de crédito;;;;;
6048;fc633e5b2f;;;;;;;;;;;;;;;;;AOA STUDIO - PEGA DE PESTAÑAS LASH GLUE;18000;1;3D24A;;;Sí;;;;;;;;;;;;;;;;;;
6047;924193a2d1;03/05/2026 23:02:19;Archivada;Recibido;Enviado;ARS;90000;18000.00;8000;80000;Gran Buenos Aires;Argentina;Siempre EXPRESS Servicio Premium. Te enviamos un WhatsApp el día anterior a tu entrega con un rango horario de solo 2 a 4hs para que no te quedes esperando todo el día. Ahorrá tiempo.;Pago Nube;;04/05/2026;05/05/2026;SHOOW TOOLS - NATURAL SHOOW (10 PAIRS);36000;1;850056827003;Móvil;1960828489;Sí;;;;No;;;;;;;;;Transferencia o depósito;04/05/2026 12:42:43;;;06/05/2026 23:59:59;
6047;924193a2d1;;;;;;;;;;;;;;;;;SHOOW TOOLS - FOXY #1 (10PAIRS);36000;1;850056827089;;;Sí;;;;;;;;;;;;;;;;;;
6047;924193a2d1;;;;;;;;;;;;;;;;;SHOOWTOOLS - PESTAÑAS 1 PAR;0;1;;;;Sí;;;;;;;;;;;;;;;;;;
6047;924193a2d1;;;;;;;;;;;;;;;;;AOA STUDIO - PEGA DE PESTAÑAS LASH GLUE;18000;1;3D24A;;;Sí;;;;;;;;;;;;;;;;;;
6046;e8a841d146;03/05/2026 19:30:07;Archivada;Recibido;Entregado;ARS;10000;2000.00;0;8000;Capital Federal;Argentina;Beauty House;Pago Nube;;03/05/2026;05/05/2026;Italia deluxe - Delineadores de labios (Mauve);10000;1;082353010547;Móvil;1960644317;Sí;;;;No;;;98.20;;;200.00;;7701.80;Transferencia o depósito;03/05/2026 19:31:35;;;06/05/2026 23:59:59;
6045;c4fecab4f7;03/05/2026 16:49:26;Archivada;Recibido;Entregado;ARS;12000;2400.00;5488;15088;Capital Federal;Argentina;Punto de retiro;Pago Nube;;03/05/2026;09/05/2026;SHOOW TOOLS - FOXY #3 (1 PAIR);12000;1;850056827225;Móvil;1954461356;Sí;;;;No;;;185.22;;;377.20;;14525.58;Transferencia o depósito;03/05/2026 16:50:56;;;06/05/2026 23:59:59;
6044;78cfc2e88f;02/05/2026 12:36:29;Archivada;Recibido;Entregado;ARS;36000;0.00;10068;46068;Santa Cruz;Argentina;Envío Nube - Correo Argentino Clásico a domicilio;Mercado Pago;;02/05/2026;11/05/2026;AOA STUDIO - PEGA DE PESTAÑAS LASH GLUE;18000;2;3D24A;Móvil;1959568242;Sí;;;;No;;;;;;;;;Billetera virtual;;;;;
6043;b687490e9c;01/05/2026 22:59:55;Archivada;Recibido;Entregado;ARS;60000;12000.00;9920;57920;Entre Ríos;Argentina;Envío Nube - Correo Argentino Clásico a domicilio;Pago Nube;;01/05/2026;12/05/2026;SHOOW TOOLS - ISABEL I (BLACK) (8mm/10mm);30000;2;;Móvil;1953057145;Sí;;;;No;;;711.02;;;;;57208.98;Transferencia o depósito;01/05/2026 23:01:01;;;04/05/2026 23:59:59;
6042;c05df30da2;01/05/2026 11:31:36;Archivada;Recibido;Entregado;ARS;52211.87;0.00;9279;61490.87;Santa Fe;Argentina;Envío Nube - Correo Argentino Clásico a domicilio;Pago Nube;;01/05/2026;12/05/2026;Pyunkang Yul - ATO Mild Sun Cream 75ml;52211.87;1;8809486681169;Móvil;1958787619;Sí;;;;No;;;4491.04;1;;;;56999.83;Tarjeta de crédito;01/05/2026 11:31:37;;;;
6041;c9fe0b02da;28/04/2026 13:28:35;Archivada;Recibido;Entregado;ARS;178000.07;44500.02;0;133500.05;;Argentina;Retirado en Punto de Venta;Efectivo;POS-ORDER-1777393193752;28/04/2026;28/04/2026;SHOOW TOOLS - TAYLOR (BLACK) (8mm/10mm);30000;2;;Punto de venta;1956826115;Sí;Beauty House;;;No;;;;;;;;;Efectivo;;;;;
6041;c9fe0b02da;;;;;;;;;;;;;;;;;SHOOW TOOLS - TAYLOR (BLACK) (MIXED (8/10/12/14mm));30000;1;;;;Sí;;;;;;;;;;;;;;;;;;
6041;c9fe0b02da;;;;;;;;;;;;;;;;;NYX - LIFT & SNATCH! BROW TINT PEN (grey black);51999.91;1;800897004484;;;Sí;;;;;;;;;;;;;;;;;;
6041;c9fe0b02da;;;;;;;;;;;;;;;;;SHOOW TOOLS - MINI LIP CONTAINER (5 unid);18000.08;1;;;;Sí;;;;;;;;;;;;;;;;;;
6041;c9fe0b02da;;;;;;;;;;;;;;;;;SHOOW TOOLS - MINI POWDER CONTAINER (5 PZ);18000.08;1;;;;Sí;;;;;;;;;;;;;;;;;;
6040;065c8a4819;28/04/2026 00:26:56;Archivada;Recibido;No está empaquetado;ARS;46000;11500.00;0;34500;Gran Buenos Aires;Argentina;Beauty House;Efectivo (Billete);;29/04/2026;;SHOOW TOOLS - FOXY #1 (10PAIRS);36000;1;850056827089;Móvil;1955145275;Sí;;;;No;;;;;;;;;Efectivo;;;;;
6040;065c8a4819;;;;;;;;;;;;;;;;;Italia deluxe - Delineadores de labios (Chocolate);10000;1;082353010332;;;Sí;;;;;;;;;;;;;;;;;;
6039;c1893e7fa6;24/04/2026 15:53:00;Archivada;Recibido;Enviado;ARS;247199.9;0.00;5000;252199.9;Capital Federal;Argentina;Siempre EXPRESS Servicio Premium. Te enviamos un WhatsApp el día anterior a tu entrega con un rango horario de solo 2 a 4hs para que no te quedes esperando todo el día. Ahorrá tiempo.;Mercado Pago;;24/04/2026;26/04/2026;SHOOW TOOLS - PRO BUNDLE #1 (So classy);61200;1;;Web;1954024899;Sí;;;;No;;;;1;;;;;Tarjeta de crédito;;;;;
6039;c1893e7fa6;;;;;;;;;;;;;;;;;PATRICK TA - MAJOR HEADLINES DOUBLE-TAKE CRÈME & POWDER BLUSH DUO (She's That Girl);149999.9;1;843628140204;;;Sí;;;;;;;;;;;;;;;;;;
6039;c1893e7fa6;;;;;;;;;;;;;;;;;SHOOW TOOLS - FOXY #1 (10PAIRS);36000;1;850056827089;;;Sí;;;;;;;;;;;;;;;;;;
6037;003176d0fc;23/04/2026 13:06:56;Archivada;Recibido;Enviado;ARS;30000;6000.00;8000;32000;Gran Buenos Aires;Argentina;Siempre EXPRESS Servicio Premium. Te enviamos un WhatsApp el día anterior a tu entrega con un rango horario de solo 2 a 4hs para que no te quedes esperando todo el día. Ahorrá tiempo.;Pago Nube;;23/04/2026;24/04/2026;SHOOW TOOLS - ISABEL I (BLACK) (8mm/10mm);30000;1;;Móvil;1953369346;Sí;;;;No;;;392.83;;;;;31607.17;Transferencia o depósito;23/04/2026 13:08:16;;;26/04/2026 23:59:59;
6036;3b8dee9166;23/04/2026 10:06:52;Archivada;Recibido;Entregado;ARS;45000;11250.00;0;33750;Gran Buenos Aires;Argentina;MANDO A RETIRAR ;Efectivo (Billete);;23/04/2026;23/04/2026;SHOOW TOOLS - The triangle powder puff duo;15000;1;;Móvil;1951305045;Sí;;;;No;;;;;;;;;Efectivo;;;;;
6036;3b8dee9166;;;;;;;;;;;;;;;;;SHOOW TOOLS - ISABEL I (BLACK) (8mm/10mm);30000;1;;;;Sí;;;;;;;;;;;;;;;;;;
6032;0aac74b952;22/04/2026 10:59:12;Archivada;Recibido;Entregado;ARS;10000;0.00;0;10000;Capital Federal;Argentina;Beauty House;Mercado Pago;;22/04/2026;04/05/2026;Italia deluxe - Delineadores de labios (Natural);10000;1;082353010332;Móvil;1952532596;Sí;;;;No;;;;;;;;;Billetera virtual;;;;;
6031;2f6cd717d0;21/04/2026 17:39:30;Archivada;Recibido;Entregado;ARS;132000;26400.00;0;105600;Santa Fe;Argentina;Punto de retiro;Pago Nube;;21/04/2026;29/04/2026;SHOOW TOOLS - ISABEL I (BLACK) (8mm/10mm);30000;1;;Móvil;1952058989;Sí;;;;No;;;1296.34;;;;;104303.66;Transferencia o depósito;21/04/2026 17:42:21;;;24/04/2026 23:59:59;
6031;2f6cd717d0;;;;;;;;;;;;;;;;;SHOOW TOOLS - FOXY #1 (10PAIRS);36000;1;850056827089;;;Sí;;;;;;;;;;;;;;;;;;
6031;2f6cd717d0;;;;;;;;;;;;;;;;;SHOOW TOOLS - NATURAL SHOOW (10 PAIRS);36000;1;850056827003;;;Sí;;;;;;;;;;;;;;;;;;
6031;2f6cd717d0;;;;;;;;;;;;;;;;;SHOOW TOOLS - TAYLOR (BLACK) (MIXED (8/10/12/14mm));30000;1;;;;Sí;;;;;;;;;;;;;;;;;;
6030;3b167655b6;21/04/2026 12:29:41;Archivada;Recibido;Entregado;ARS;300000;75000.00;0;225000;;Argentina;Retirado en Punto de Venta;Transferencia o depósito;POS-ORDER-1776785272242;22/04/2026;11/05/2026;PRE VENTA - SHOOW TOOLS - ISABEL I (PESTAÑAS CLUSTER) MIXED;15000;17;;Punto de venta;1951858681;Sí;Beauty House;;;No;;;;;;;;;Transferencia o depósito;;;;;
6030;3b167655b6;;;;;;;;;;;;;;;;;SHOOW TOOLS - ISABEL I (PESTAÑAS CLUSTER) 8/10MM;15000;3;;;;Sí;;;;;;;;;;;;;;;;;;
6029;b04132d85a;20/04/2026 23:02:13;Archivada;Recibido;Entregado;ARS;30000;6000.00;6110.12;30110.12;Gran Buenos Aires;Argentina;Punto de retiro;Pago Nube;;20/04/2026;25/04/2026;Italia deluxe - Delineadores de labios (Hazelnut);10000;1;082353010646;Web;1951570514;Sí;;;;No;;;369.63;;;;;29740.49;Transferencia o depósito;20/04/2026 23:04:13;;;23/04/2026 23:59:59;
6029;b04132d85a;;;;;;;;;;;;;;;;;Italia deluxe - Delineadores de labios (Mauve);10000;1;082353010547;;;Sí;;;;;;;;;;;;;;;;;;
6029;b04132d85a;;;;;;;;;;;;;;;;;Italia deluxe - Delineadores de labios (hot cocoa);10000;1;082353010608;;;Sí;;;;;;;;;;;;;;;;;;
6028;d5ef3d4a4a;20/04/2026 12:39:27;Archivada;Recibido;Entregado;ARS;106820.05;26705.01;0;80115.04;Gran Buenos Aires;Argentina;Beauty House;Efectivo (Billete);;05/05/2026;05/05/2026;SHOOW TOOLS - MANIQUI DE SILICONA PARA MAQUILLAJES (Grises);38000;1;888877776666;Móvil;1951110337;Sí;;;;No;;;;;;;;;Efectivo;;;;;
6028;d5ef3d4a4a;;;;;;;;;;;;;;;;;JESSUP- FACE COLLETION 5 EN 1 (T503);68820.05;1;6976074375037;;;Sí;;;;;;;;;;;;;;;;;;
6027;50809941b1;20/04/2026 09:02:29;Archivada;Recibido;Entregado;ARS;54000;10800.00;0;43200;Capital Federal;Argentina;Punto de retiro;Pago Nube;;21/04/2026;24/04/2026;AOA STUDIO - PEGA DE PESTAÑAS LASH GLUE;18000;1;3D24A;Móvil;1950601246;Sí;;;Otro motivo;No;;;530.32;;;1080.00;;41589.68;Transferencia o depósito;21/04/2026 11:05:44;;;23/04/2026 23:59:59;
6027;50809941b1;;;;;;;;;;;;;;;;;SHOOW TOOLS - FUFFLY (10PAIRS);36000;1;850056827072;;;Sí;;;;;;;;;;;;;;;;;;
6026;42b37d748b;18/04/2026 12:14:43;Archivada;Recibido;Enviado;ARS;120000;0.00;8000;128000;Gran Buenos Aires;Argentina;Siempre EXPRESS Servicio Premium. Te enviamos un WhatsApp el día anterior a tu entrega con un rango horario de solo 2 a 4hs para que no te quedes esperando todo el día. Ahorrá tiempo.;Mercado Pago;;18/04/2026;22/04/2026;SHOOW TOOLS - FOXY #3 (1 PAIR);12000;5;850056827225;Móvil;1948810320;Sí;;;;No;;;;;;;;;Billetera virtual;;;;;
6026;42b37d748b;;;;;;;;;;;;;;;;;SHOOW TOOLS - TWIGGY (BLACK) (8mm/10mm);30000;2;;;;Sí;;;;;;;;;;;;;;;;;;
6025;95478d6047;18/04/2026 10:04:03;Archivada;Recibido;Entregado;ARS;42000;8400.00;0;33600;Capital Federal;Argentina;Beauty House;Pago Nube;;18/04/2026;20/05/2026;SHOOW TOOLS - CLARA BOW (BLACK);30000;1;;Móvil;1949538934;Sí;;;;No;;;412.47;;;840.00;;32347.53;Transferencia o depósito;18/04/2026 10:04:50;;;21/04/2026 23:59:59;
6025;95478d6047;;;;;;;;;;;;;;;;;SHOOW TOOLS - FOXY #1 (1 PAIR);12000;1;850056827201;;;Sí;;;;;;;;;;;;;;;;;;
6024;30f1b1096c;17/04/2026 11:17:15;Archivada;Recibido;Entregado;ARS;278138.92;275357.53;0;2781.39;;Argentina;Retirado en Punto de Venta;Otro;POS-ORDER-1776435424287;17/04/2026;17/04/2026;Italia deluxe - Delineadores de labios (Hazelnut);10000;2;082353010646;Punto de venta;1949027285;Sí;Beauty House;;;No;;;;;;;;;A convenir;;;;;
6024;30f1b1096c;;;;;;;;;;;;;;;;;Italia deluxe - Delineadores de labios (Brown);10000;2;082353010400;;;Sí;;;;;;;;;;;;;;;;;;
6024;30f1b1096c;;;;;;;;;;;;;;;;;Italia deluxe - Delineadores de labios (Bare);10000;1;082353010592;;;Sí;;;;;;;;;;;;;;;;;;
6024;30f1b1096c;;;;;;;;;;;;;;;;;Italia deluxe - Delineadores de labios (hot cocoa);10000;2;082353010608;;;Sí;;;;;;;;;;;;;;;;;;
6024;30f1b1096c;;;;;;;;;;;;;;;;;Italia deluxe - Delineadores de labios (Mauve);10000;1;082353010547;;;Sí;;;;;;;;;;;;;;;;;;
6024;30f1b1096c;;;;;;;;;;;;;;;;;Italia deluxe - Delineadores de labios (terracotta);10000;2;082353010653;;;Sí;;;;;;;;;;;;;;;;;;
6024;30f1b1096c;;;;;;;;;;;;;;;;;The ordinary - Hyaluronic Acid + B5 (Sérum de Ácido Hialurónico con B5);60801.01;1;769915190199;;;Sí;;;;;;;;;;;;;;;;;;
6024;30f1b1096c;;;;;;;;;;;;;;;;;Good molecules - Niacinamida Serum;52338.02;1;810019610530;;;Sí;;;;;;;;;;;;;;;;;;
6024;30f1b1096c;;;;;;;;;;;;;;;;;Tocobo - Cica calming sun serum SPF50 + PA++++;64999.89;1;8809835060447;;;Sí;;;;;;;;;;;;;;;;;;
6023;03f3b7366c;16/04/2026 15:42:46;Archivada;Recibido;Enviado;ARS;80000;0.00;5000;85000;Capital Federal;Argentina;Siempre EXPRESS Servicio Premium. Te enviamos un WhatsApp el día anterior a tu entrega con un rango horario de solo 2 a 4hs para que no te quedes esperando todo el día. Ahorrá tiempo.;Mercado Pago;;16/04/2026;22/04/2026;(MAYORISTA) Beauty creations - Wooden Lip Pencil (12 unid);80000;1;;Móvil;1948426620;Sí;;;;No;;;;;;;;;Billetera virtual;;;;;
6022;038408ddf7;15/04/2026 19:01:17;Archivada;Recibido;Entregado;ARS;36000;9000.00;0;27000;Gran Buenos Aires;Argentina;Beauty House;Efectivo (Billete);;16/04/2026;16/04/2026;SHOOW TOOLS - FOXY #1 (1 PAIR);12000;1;850056827201;Móvil;1947810247;Sí;;;;No;;;;;;;;;Efectivo;;;;;
6022;038408ddf7;;;;;;;;;;;;;;;;;SHOOW TOOLS - FOXY #3 (1 PAIR);12000;2;850056827225;;;Sí;;;;;;;;;;;;;;;;;;
6021;658576e05c;15/04/2026 18:02:10;Archivada;Recibido;Entregado;ARS;112500;22500.00;9279;99279;Santa Fe;Argentina;Envío Nube - Correo Argentino Clásico a domicilio;Transferencia o depósito;POS-ORDER-1776286922060;16/04/2026;08/05/2026;Radiant Creamy Concealer with Hydrating Medium Coverage (custard);112500;1;;Punto de venta;1947773030;Sí;Beauty House;;;No;;;;;;;;;Transferencia o depósito;;;;;
6019;2e906ab848;14/04/2026 22:16:32;Archivada;Recibido;Entregado;ARS;60000;12000.00;9920;57920;Córdoba;Argentina;Envío Nube - Correo Argentino Clásico a domicilio;Pago Nube;;14/04/2026;24/04/2026;SHOOW TOOLS - TWIGGY (BLACK) (8mm/10mm);30000;1;;Móvil;1947203485;Sí;;;;No;;;711.02;;;;;57208.98;Transferencia o depósito;14/04/2026 22:17:55;;;17/04/2026 23:59:59;
6019;2e906ab848;;;;;;;;;;;;;;;;;SHOOW TOOLS - TAYLOR (BLACK) (MIXED (8/10/12/14mm));30000;1;;;;Sí;;;;;;;;;;;;;;;;;;
6018;d8d476a470;14/04/2026 20:42:22;Archivada;Recibido;Entregado;ARS;72000;23040.00;12185;61145;Buenos Aires;Argentina;Envío Nube - Correo Argentino Expreso a domicilio;Pago Nube;LUCIAN15;14/04/2026;23/04/2026;SHOOW TOOLS - SO CLASSY (10PAIRS);36000;1;850056827027;Móvil;1947052934;Sí;;;;No;;;750.61;;;;;60394.39;Transferencia o depósito;14/04/2026 20:44:13;;;17/04/2026 23:59:59;
6018;d8d476a470;;;;;;;;;;;;;;;;;SHOOW TOOLS - FOXY #1 (10PAIRS);36000;1;850056827089;;;Sí;;;;;;;;;;;;;;;;;;
6017;9d213dc75d;14/04/2026 18:28:20;Archivada;Recibido;Entregado;ARS;38000;7600.00;6864;37264;Jujuy;Argentina;Punto de retiro;Pago Nube;;15/04/2026;21/04/2026;SHOOW TOOLS - MANIQUI DE SILICONA PARA MAQUILLAJES (Grises);38000;1;888877776666;Móvil;1947012151;Sí;;;;No;;;457.45;;;;;36806.55;Transferencia o depósito;15/04/2026 11:29:58;;;17/04/2026 23:59:59;
6015;712cc02a8f;14/04/2026 17:34:06;Archivada;Recibido;Entregado;ARS;66000;0.00;10394.74;76394.74;San Juan;Argentina;Envío Nube - Andreani a domicilio;Pago Nube;;14/04/2026;20/04/2026;SHOOW TOOLS - SOFT & SHORT (10PAIRS);36000;1;850056827010;Móvil;1942850828;Sí;;;;No;;;5579.56;1;;;;70815.18;Tarjeta de crédito;14/04/2026 17:34:09;;;;
6015;712cc02a8f;;;;;;;;;;;;;;;;;SHOOW TOOLS - ISABEL I (BLACK) (8mm/10mm);30000;1;;;;Sí;;;;;;;;;;;;;;;;;;
6014;457733955a;14/04/2026 16:55:03;Archivada;Recibido;Entregado;ARS;30000;4500.00;0;25500;Gran Buenos Aires;Argentina;MANDO A RETIRAR ;Pago Nube;LUCIAN15;14/04/2026;15/04/2026;SHOOW TOOLS - TAYLOR (BLACK) (8mm/10mm);30000;1;;Móvil;1946963777;Sí;;;;No;;;1862.41;1;;;;23637.59;Tarjeta de crédito;14/04/2026 16:55:05;;;;
6013;300105b700;14/04/2026 13:20:00;Archivada;Recibido;Entregado;ARS;20000;4000.00;8688;24688;Gran Buenos Aires;Argentina;Envío Nube - Correo Argentino Expreso a domicilio;Pago Nube;;14/04/2026;17/04/2026;Italia deluxe - Delineadores de labios (natural beige);10000;1;082353010523;Móvil;1946550030;Sí;;;;No;;;303.06;;;;;24384.94;Transferencia o depósito;14/04/2026 13:22:01;;;17/04/2026 23:59:59;
6013;300105b700;;;;;;;;;;;;;;;;;Italia deluxe - Delineadores de labios (Hazelnut);10000;1;082353010646;;;Sí;;;;;;;;;;;;;;;;;;
6012;513e68df79;14/04/2026 12:46:42;Archivada;Recibido;Entregado;ARS;156000;39000.00;0;117000;Capital Federal;Argentina;Beauty House;Efectivo (Billete);;18/04/2026;18/04/2026;SHOOW TOOLS - Elizabeth Taylor (BLACK);30000;1;;Móvil;1946791939;Sí;;;;No;;;;;;;;;Efectivo;;;;;
6012;513e68df79;;;;;;;;;;;;;;;;;SHOOW TOOLS - ISABEL I (BLACK) (8mm/10mm);30000;1;;;;Sí;;;;;;;;;;;;;;;;;;
6012;513e68df79;;;;;;;;;;;;;;;;;SHOOW TOOLS - TWIGGY (BLACK) (8mm/10mm);30000;1;;;;Sí;;;;;;;;;;;;;;;;;;
6012;513e68df79;;;;;;;;;;;;;;;;;SHOOW TOOLS - CLARA BOW (BLACK);30000;1;;;;Sí;;;;;;;;;;;;;;;;;;
6012;513e68df79;;;;;;;;;;;;;;;;;SHOOW TOOLS - FOXY #1 (10PAIRS);36000;1;850056827089;;;Sí;;;;;;;;;;;;;;;;;;
6011;35e671db47;14/04/2026 12:26:44;Archivada;Recibido;Entregado;ARS;60000;15000.00;0;45000;Gran Buenos Aires;Argentina;Beauty House;Efectivo (Billete);;14/04/2026;14/04/2026;"BH - PESTAÑAS ""SOCIAL DRAG VIBE"" (20 PARES)";60000;1;;Móvil;1946775419;Sí;;;;No;;;;;;;;;Efectivo;;;;;
6010;1cd396d9c0;14/04/2026 12:21:43;Archivada;Recibido;Enviado;ARS;152000;42640.00;5000;114360;Capital Federal;Argentina;Siempre EXPRESS Servicio Premium. Te enviamos un WhatsApp el día anterior a tu entrega con un rango horario de solo 2 a 4hs para que no te quedes esperando todo el día. Ahorrá tiempo.;Pago Nube;LUCIAN15;14/04/2026;22/04/2026;MOONSHINE POMPÓN - ILUMINADOR CORPORAL;24000;1;;Web;1946754525;Sí;;;;No;;;1403.88;;;2859.00;;110097.12;Transferencia o depósito;14/04/2026 12:27:50;;;17/04/2026 23:59:59;
6010;1cd396d9c0;;;;;;;;;;;;;;;;;SHOOW TOOLS - TAYLOR (BLACK) (MIXED (8/10/12/14mm));30000;1;;;;Sí;;;;;;;;;;;;;;;;;;
6010;1cd396d9c0;;;;;;;;;;;;;;;;;SHOOW TOOLS - The clippers quartette (hebillas) Hair clips;18000;1;;;;Sí;;;;;;;;;;;;;;;;;;
6010;1cd396d9c0;;;;;;;;;;;;;;;;;Italia deluxe - Delineadores de labios (terracotta);10000;1;082353010653;;;Sí;;;;;;;;;;;;;;;;;;
6010;1cd396d9c0;;;;;;;;;;;;;;;;;Italia deluxe - Delineadores de labios (hot cocoa);10000;1;082353010608;;;Sí;;;;;;;;;;;;;;;;;;
6010;1cd396d9c0;;;;;;;;;;;;;;;;;Italia deluxe - Delineadores de labios (Mauve);10000;1;082353010547;;;Sí;;;;;;;;;;;;;;;;;;
6010;1cd396d9c0;;;;;;;;;;;;;;;;;Italia deluxe - Delineadores de labios (Brown);10000;1;082353010400;;;Sí;;;;;;;;;;;;;;;;;;
6010;1cd396d9c0;;;;;;;;;;;;;;;;;SHOOW TOOLS - TWIGGY (BLACK) (MIXED (8/10/12/14mm));30000;1;;;;Sí;;;;;;;;;;;;;;;;;;
6010;1cd396d9c0;;;;;;;;;;;;;;;;;Italia deluxe - Delineadores de labios (Dusty rose);10000;1;082353010424;;;Sí;;;;;;;;;;;;;;;;;;
6009;2a726fab17;14/04/2026 12:04:27;Archivada;Recibido;Enviado;ARS;30000;0.00;5000;35000;Capital Federal;Argentina;Siempre EXPRESS Servicio Premium. Te enviamos un WhatsApp el día anterior a tu entrega con un rango horario de solo 2 a 4hs para que no te quedes esperando todo el día. Ahorrá tiempo.;Pago Nube;;14/04/2026;16/04/2026;SHOOW TOOLS - ISABEL I (BLACK) (8mm/10mm);30000;1;;Móvil;1946366588;Sí;;;;No;;;2556.26;1;;875.00;;31568.74;Tarjeta de crédito;14/04/2026 12:04:29;;;;
6008;3dd672c9cc;14/04/2026 11:58:26;Archivada;Recibido;Entregado;ARS;166000;41500.00;0;124500;;Argentina;Retirado en Punto de Venta;Transferencia o depósito;POS-ORDER-1776178416521;14/04/2026;14/04/2026;Italia deluxe - Delineadores de labios (12 UNID);60000;1;;Punto de venta;1946763013;Sí;Beauty House;;;No;;;;;;;;;Transferencia o depósito;;;;;
6008;3dd672c9cc;;;;;;;;;;;;;;;;;SHOOW TOOLS - FOXY #1 (10PAIRS);36000;1;850056827089;;;Sí;;;;;;;;;;;;;;;;;;
6008;3dd672c9cc;;;;;;;;;;;;;;;;;SHOOW TOOLS - Elizabeth Taylor (BLACK);30000;1;;;;Sí;;;;;;;;;;;;;;;;;;
6008;3dd672c9cc;;;;;;;;;;;;;;;;;ITALIA DELUXE - LAPIZ DELINEADOR DE OJOS (White);10000;2;082353010042;;;Sí;;;;;;;;;;;;;;;;;;
6008;3dd672c9cc;;;;;;;;;;;;;;;;;ITALIA DELUXE - LAPIZ DELINEADOR DE OJOS (black);10000;2;082353010011;;;Sí;;;;;;;;;;;;;;;;;;
6007;6796b8c8b9;14/04/2026 11:42:42;Archivada;Recibido;Entregado;ARS;153000;48960.00;9599.02;113639.02;Buenos Aires;Argentina;Envío Nube - Andreani a domicilio;Pago Nube;LUCIAN15;14/04/2026;20/04/2026;SHOOW TOOLS - The triangle powder puff duo;15000;1;;Web;1946703958;Sí;;;;No;;;1395.03;;;;;112243.99;Transferencia o depósito;14/04/2026 11:48:23;;;17/04/2026 23:59:59;
6007;6796b8c8b9;;;;;;;;;;;;;;;;;SHOOW TOOLS - TWIGGY (BLACK) (MIXED (8/10/12/14mm));30000;1;;;;Sí;;;;;;;;;;;;;;;;;;
6007;6796b8c8b9;;;;;;;;;;;;;;;;;SHOOW TOOLS - SO CLASSY (10PAIRS);36000;1;850056827027;;;Sí;;;;;;;;;;;;;;;;;;
6007;6796b8c8b9;;;;;;;;;;;;;;;;;SHOOW TOOLS - NATURAL SHOOW (10 PAIRS);36000;1;850056827003;;;Sí;;;;;;;;;;;;;;;;;;
6007;6796b8c8b9;;;;;;;;;;;;;;;;;SHOOW TOOLS - FOXY #1 (10PAIRS);36000;1;850056827089;;;Sí;;;;;;;;;;;;;;;;;;
6005;cde6bde978;13/04/2026 20:57:06;Archivada;Recibido;Enviado;ARS;54000;10800.00;8000;51200;Gran Buenos Aires;Argentina;Siempre EXPRESS Servicio Premium. Te enviamos un WhatsApp el día anterior a tu entrega con un rango horario de solo 2 a 4hs para que no te quedes esperando todo el día. Ahorrá tiempo.;Pago Nube;;13/04/2026;16/04/2026;SHOOW TOOLS - SO CLASSY (1 PAIR);12000;1;850056827140;Móvil;1946363125;Sí;;;;No;;;628.53;;;;;50571.47;Transferencia o depósito;13/04/2026 21:04:02;;;16/04/2026 23:59:59;
6005;cde6bde978;;;;;;;;;;;;;;;;;SHOOW TOOLS - SOFT & SHORT (1 PAIR);12000;1;850056827133;;;Sí;;;;;;;;;;;;;;;;;;
6005;cde6bde978;;;;;;;;;;;;;;;;;SHOOW TOOLS - TWIGGY (BLACK) (MIXED (8/10/12/14mm));30000;1;;;;Sí;;;;;;;;;;;;;;;;;;
6003;d68fa16b82;13/04/2026 17:21:56;Archivada;Recibido;Entregado;ARS;10000;2000.00;8000;16000;Gran Buenos Aires;Argentina;Siempre EXPRESS Servicio Premium. Te enviamos un WhatsApp el día anterior a tu entrega con un rango horario de solo 2 a 4hs para que no te quedes esperando todo el día. Ahorrá tiempo.;Pago Nube;;13/04/2026;10/05/2026;Italia deluxe - Delineadores de labios (Mauve);10000;1;082353010547;Móvil;1945960625;Sí;;;;No;;;196.41;;;;;15803.59;Transferencia o depósito;13/04/2026 17:23:51;;;16/04/2026 23:59:59;
6002;2ec5b4d4c9;13/04/2026 16:58:26;Archivada;Recibido;Enviado;ARS;456324.94;0.00;5000;461324.94;Capital Federal;Argentina;Siempre EXPRESS Servicio Premium. Te enviamos un WhatsApp el día anterior a tu entrega con un rango horario de solo 2 a 4hs para que no te quedes esperando todo el día. Ahorrá tiempo.;Pago Nube;;13/04/2026;16/04/2026;SHOOW TOOLS - ISABEL I (BLACK) (8mm/10mm);30000;1;;Móvil;1946062978;Sí;;;;No;;;33693.33;3;45649.02;11533.12;;370449.47;Tarjeta de crédito;13/04/2026 16:58:28;;;;
6002;2ec5b4d4c9;;;;;;;;;;;;;;;;;AOA STUDIO - PEGA DE PESTAÑAS LASH GLUE;18000;1;3D24A;;;Sí;;;;;;;;;;;;;;;;;;
6002;2ec5b4d4c9;;;;;;;;;;;;;;;;;URBAN DECAY - ALL NIGHTER WATERPROOF SETTING SPRAY;134999.88;1;3605971305887;;;Sí;;;;;;;;;;;;;;;;;;
6002;2ec5b4d4c9;;;;;;;;;;;;;;;;;KVD - ULTRA INK LINER BLACK;108225.02;1;810763035900;;;Sí;;;;;;;;;;;;;;;;;;
6002;2ec5b4d4c9;;;;;;;;;;;;;;;;;MAKEUP BY MARIO - SOFTSCULPT TRANSFORMING SKIN ENHANCER (LIGHT MEDIUM);110499.96;1;810050381949;;;Sí;;;;;;;;;;;;;;;;;;
6002;2ec5b4d4c9;;;;;;;;;;;;;;;;;NARS - Mini Radiant Creamy Concealer (Creme brulee);54600.08;1;607845019756;;;Sí;;;;;;;;;;;;;;;;;;
6001;2ad2853cbb;13/04/2026 12:32:42;Archivada;Recibido;Entregado;ARS;120000;0.00;0;120000;Gran Buenos Aires;Argentina;Punto de retiro;Pago Nube;;13/04/2026;17/04/2026;SHOOW TOOLS - TWIGGY (BLACK) (MIXED (8/10/12/14mm));30000;1;;Móvil;1945701389;Sí;;;;No;;;8764.32;3;11874.24;;;99361.44;Tarjeta de crédito;13/04/2026 12:32:46;;;;
6001;2ad2853cbb;;;;;;;;;;;;;;;;;SHOOW TOOLS - TWIGGY (BLACK) (8mm/10mm);30000;1;;;;Sí;;;;;;;;;;;;;;;;;;
6001;2ad2853cbb;;;;;;;;;;;;;;;;;SHOOW TOOLS - TAYLOR (BLACK) (MIXED (8/10/12/14mm));30000;1;;;;Sí;;;;;;;;;;;;;;;;;;
6001;2ad2853cbb;;;;;;;;;;;;;;;;;SHOOW TOOLS - ISABEL I (BLACK) (8mm/10mm);30000;1;;;;Sí;;;;;;;;;;;;;;;;;;
5998;9be1cc7bd6;12/04/2026 22:16:24;Archivada;Recibido;Entregado;ARS;80000;0.00;9279;89279;Buenos Aires;Argentina;Envío Nube - Correo Argentino Clásico a domicilio;Pago Nube;;12/04/2026;20/04/2026;(MAYORISTA) Beauty creations - Wooden Lip Pencil (12 unid);80000;1;;Web;1945623767;Sí;;;;No;;;6520.58;1;;;;82758.42;Tarjeta de crédito;12/04/2026 22:16:27;;;;
5997;6d1c9aa408;12/04/2026 21:54:59;Archivada;Recibido;Entregado;ARS;60000;0.00;10716;70716;Mendoza;Argentina;Envío Nube - Correo Argentino Clásico a domicilio;Mercado Pago;;12/04/2026;21/04/2026;SHOOW TOOLS - ISABEL I (BLACK) (8mm/10mm);30000;2;;Móvil;1945647614;Sí;;;;No;;;;;;;;;Billetera virtual;;;;;
5996;a811fb330a;12/04/2026 20:42:01;Archivada;Recibido;Entregado;ARS;54000;10800.00;9279;52479;Buenos Aires;Argentina;Envío Nube - Correo Argentino Clásico a domicilio;Pago Nube;;12/04/2026;19/07/2026;BANDAS PARA MEZCLAR - DESCARTABLES (10UNID);12000;2;222233334444;Móvil;1913701260;Sí;;;;No;;;644.23;;;;;51834.77;Transferencia o depósito;12/04/2026 20:44:21;;;15/04/2026 23:59:59;
5996;a811fb330a;;;;;;;;;;;;;;;;;SHOOW TOOLS - TWIGGY (BLACK) (MIXED (8/10/12/14mm));30000;1;;;;Sí;;;;;;;;;;;;;;;;;;
5995;762f88cc35;12/04/2026 18:05:56;Archivada;Recibido;Listo para enviar;ARS;120000;0.00;0;120000;Gran Buenos Aires;Argentina;Beauty House;Pago Nube;;12/04/2026;;SHOOW TOOLS - TWIGGY (BLACK) (MIXED (8/10/12/14mm));30000;2;;Móvil;1945463275;Sí;;;;No;;;8764.32;3;11874.24;;;99361.44;Tarjeta de crédito;12/04/2026 18:05:59;;;;
5995;762f88cc35;;;;;;;;;;;;;;;;;SHOOW TOOLS - TWIGGY (BLACK) (8mm/10mm);30000;2;;;;Sí;;;;;;;;;;;;;;;;;;
5994;92f14a8f81;12/04/2026 14:11:13;Archivada;Recibido;Enviado;ARS;120000;0.00;8000;128000;Gran Buenos Aires;Argentina;Siempre EXPRESS Servicio Premium. Te enviamos un WhatsApp el día anterior a tu entrega con un rango horario de solo 2 a 4hs para que no te quedes esperando todo el día. Ahorrá tiempo.;Mercado Pago;;12/04/2026;16/04/2026;SHOOW TOOLS - ISABEL I (BLACK) (8mm/10mm);30000;1;;Móvil;1945311533;Sí;;;;No;;;;1;;;;;Tarjeta de crédito;;;;;
5994;92f14a8f81;;;;;;;;;;;;;;;;;SHOOW TOOLS - TWIGGY (BLACK) (MIXED (8/10/12/14mm));30000;1;;;;Sí;;;;;;;;;;;;;;;;;;
5994;92f14a8f81;;;;;;;;;;;;;;;;;SHOOW TOOLS - TAYLOR (BLACK) (MIXED (8/10/12/14mm));30000;1;;;;Sí;;;;;;;;;;;;;;;;;;
5994;92f14a8f81;;;;;;;;;;;;;;;;;SHOOW TOOLS - Elizabeth Taylor (BLACK);30000;1;;;;Sí;;;;;;;;;;;;;;;;;;
5989;e2d61560a7;11/04/2026 11:11:20;Archivada;Recibido;Entregado;ARS;66000;0.00;5327;71327;Gran Buenos Aires;Argentina;Punto de retiro;Mercado Pago;;11/04/2026;18/04/2026;SHOOW TOOLS - Elizabeth Taylor (BLACK);30000;1;;Móvil;1941435944;Sí;;;;No;;;;1;;;;;Tarjeta de crédito;;;;;
5989;e2d61560a7;;;;;;;;;;;;;;;;;SHOOW TOOLS - FOXY #1 (10PAIRS);36000;1;850056827089;;;Sí;;;;;;;;;;;;;;;;;;
5987;8b0e14e483;10/04/2026 16:07:39;Archivada;Recibido;Entregado;ARS;180000;36000.00;6673;150673;Corrientes;Argentina;Punto de retiro;Pago Nube;;10/04/2026;15/04/2026;Italia deluxe - Delineadores de labios (Mauve);5000;12;082353010547;Web;1943968242;Sí;;;;No;;;;;;;;;Transferencia o depósito;10/04/2026 16:18:49;;;13/04/2026 23:59:59;
5987;8b0e14e483;;;;;;;;;;;;;;;;;Italia deluxe - Delineadores de labios (Chocolate);5000;12;082353010332;;;Sí;;;;;;;;;;;;;;;;;;
5987;8b0e14e483;;;;;;;;;;;;;;;;;Italia deluxe - Delineadores de labios (terracotta);5000;12;082353010653;;;Sí;;;;;;;;;;;;;;;;;;
5986;cc1f481150;09/04/2026 17:30:43;Archivada;Recibido;Entregado;ARS;117000;23400.00;0;93600;Buenos Aires;Argentina;Punto de retiro;Pago Nube;;09/04/2026;15/04/2026;SHOOW TOOLS - SO CLASSY (10PAIRS);36000;1;850056827027;Móvil;1943350145;Sí;;;;No;;;1149.03;;;;;92450.97;Transferencia o depósito;09/04/2026 17:34:33;;;12/04/2026 23:59:59;
5986;cc1f481150;;;;;;;;;;;;;;;;;SHOOW TOOLS - FOXY #1 (10PAIRS);36000;1;850056827089;;;Sí;;;;;;;;;;;;;;;;;;
5986;cc1f481150;;;;;;;;;;;;;;;;;SHOOW TOOLS - TWIGGY (BLACK) (MIXED (8/10/12/14mm));30000;1;;;;Sí;;;;;;;;;;;;;;;;;;
5986;cc1f481150;;;;;;;;;;;;;;;;;SHOOW TOOLS - The triangle powder puff duo;15000;1;;;;Sí;;;;;;;;;;;;;;;;;;
5985;712e2e375a;09/04/2026 10:37:59;Archivada;Recibido;Entregado;ARS;51000;10200.00;0;40800;Capital Federal;Argentina;MANDO A RETIRAR ;Pago Nube;;09/04/2026;16/04/2026;SHOOW TOOLS - Triangle powder puff (3 units);15000;1;;Web;1943073504;Sí;;;;No;;;;;;;;;Transferencia o depósito;09/04/2026 11:18:01;;;12/04/2026 23:59:59;
5985;712e2e375a;;;;;;;;;;;;;;;;;SHOOW TOOLS - FOXY #1 (10PAIRS);36000;1;850056827089;;;Sí;;;;;;;;;;;;;;;;;;
5984;8c168f9306;09/04/2026 08:53:13;Archivada;Recibido;Entregado;ARS;30000;6000.00;0;24000;Buenos Aires;Argentina;MANDO A RETIRAR ;Pago Nube;;09/04/2026;13/04/2026;SHOOW TOOLS - TAYLOR (BLACK) (8mm/10mm);30000;1;;Móvil;1942259733;Sí;;;;No;;;294.62;;;;;23705.38;Transferencia o depósito;09/04/2026 08:54:09;;;12/04/2026 23:59:59;
5983;98d400643e;08/04/2026 17:36:14;Archivada;Recibido;Entregado;ARS;143820.14;28764.03;5901;120957.11;Gran Buenos Aires;Argentina;Punto de retiro;Pago Nube;;08/04/2026;14/04/2026;JESSUP- FACE COLLETION 5 EN 1 (T503);68820.05;1;6976074375037;Móvil;1938880839;Sí;;;;No;;;1484.86;;;;;119472.25;Transferencia o depósito;08/04/2026 17:37:43;;;11/04/2026 23:59:59;
5983;98d400643e;;;;;;;;;;;;;;;;;JESSUP - 6-IN-3 FACE BRUSH COLLECTION (PEACH DUST) T508;75000.09;1;69760074375082;;;Sí;;;;;;;;;;;;;;;;;;
5982;2805d0ea60;08/04/2026 15:54:36;Archivada;Recibido;Enviado;ARS;30000;6000.00;5000;29000;Capital Federal;Argentina;Siempre EXPRESS Servicio Premium. Te enviamos un WhatsApp el día anterior a tu entrega con un rango horario de solo 2 a 4hs para que no te quedes esperando todo el día. Ahorrá tiempo.;Pago Nube;;08/04/2026;09/04/2026;SHOOW TOOLS - ISABEL I (BLACK) (8mm/10mm);30000;1;;Móvil;1942504776;Sí;;;;No;;;356.00;;;725.00;;27919.00;Transferencia o depósito;08/04/2026 16:29:29;;;11/04/2026 23:59:59;
5981;30f1b1096c;08/04/2026 15:04:44;Archivada;Recibido;Enviado;ARS;90000;95000.00;5000;0;Capital Federal;Argentina;Siempre EXPRESS Servicio Premium. Te enviamos un WhatsApp el día anterior a tu entrega con un rango horario de solo 2 a 4hs para que no te quedes esperando todo el día. Ahorrá tiempo.;Pedido con 100% de descuento;INFLUENCERSVIDAL;08/04/2026;09/04/2026;SHOOW TOOLS - TAYLOR (BLACK) (MIXED (8/10/12/14mm));30000;3;;Web;1942469539;Sí;;;;No;;;;;;;;;Pedido con 100% de descuento;;;;;
5980;30f1b1096c;08/04/2026 15:00:56;Archivada;Recibido;Enviado;ARS;271334.09;276334.09;5000;0;Capital Federal;Argentina;Siempre EXPRESS Servicio Premium. Te enviamos un WhatsApp el día anterior a tu entrega con un rango horario de solo 2 a 4hs para que no te quedes esperando todo el día. Ahorrá tiempo.;Pedido con 100% de descuento;INFLUENCERSVIDAL;08/04/2026;09/04/2026;Tarte cosmetics - shape tape (12N Fair Neutral);116300;1;846733017997;Web;1941579760;Sí;;;;No;;;;;;;;;Pedido con 100% de descuento;;;;;
5980;30f1b1096c;;;;;;;;;;;;;;;;;URBAN DECAY - 24/7 MOONDUST EYESHADOW (SPACE COWBOY);67999.95;1;3605972549686;;;Sí;;;;;;;;;;;;;;;;;;
5980;30f1b1096c;;;;;;;;;;;;;;;;;NYX - SETTING SPRAY MATTE FINISH;47034.14;1;800897813710;;;Sí;;;;;;;;;;;;;;;;;;
5980;30f1b1096c;;;;;;;;;;;;;;;;;Italia deluxe - Delineadores de labios (Natural);10000;1;082353010332;;;Sí;;;;;;;;;;;;;;;;;;
5980;30f1b1096c;;;;;;;;;;;;;;;;;Italia deluxe - Delineadores de labios (Hazelnut);10000;1;082353010646;;;Sí;;;;;;;;;;;;;;;;;;
5980;30f1b1096c;;;;;;;;;;;;;;;;;Italia deluxe - Delineadores de labios (Mauve);10000;1;082353010547;;;Sí;;;;;;;;;;;;;;;;;;
5980;30f1b1096c;;;;;;;;;;;;;;;;;Italia deluxe - Delineadores de labios (hot red);10000;1;082353010479;;;Sí;;;;;;;;;;;;;;;;;;
5979;bb213d1e65;08/04/2026 10:09:10;Archivada;Recibido;Entregado;ARS;124000;0.00;8000;132000;Gran Buenos Aires;Argentina;Siempre EXPRESS Servicio Premium. Te enviamos un WhatsApp el día anterior a tu entrega con un rango horario de solo 2 a 4hs para que no te quedes esperando todo el día. Ahorrá tiempo.;Pago Nube;;08/04/2026;22/04/2026;KIKO MILANO - 3D hydra lip oil (04 Cherry Cherry);62000;2;;Móvil;1941892911;Sí;;;;No;;;9640.75;3;13061.66;;;109297.59;Tarjeta de crédito;08/04/2026 10:09:13;;;;
5978;a27c524aac;08/04/2026 10:02:04;Archivada;Recibido;Entregado;ARS;30000;6000.00;0;24000;Capital Federal;Argentina;Beauty House;Pago Nube;;08/04/2026;09/04/2026;SHOOW TOOLS - FOXY #1 (1 PAIR);12000;1;850056827201;Móvil;1940951912;Sí;;;;No;;;294.62;;;600.00;;23105.38;Transferencia o depósito;08/04/2026 10:02:58;;;11/04/2026 23:59:59;
5978;a27c524aac;;;;;;;;;;;;;;;;;AOA STUDIO - PEGA DE PESTAÑAS LASH GLUE;18000;1;3D24A;;;Sí;;;;;;;;;;;;;;;;;;
5975;10a8235be3;06/04/2026 20:27:54;Archivada;Recibido;Entregado;ARS;230000;0.00;10360.54;240360.54;Corrientes;Argentina;Envío Nube - Andreani a domicilio;Pago Nube;;06/04/2026;13/04/2026;ONE SIZE - ON 'TIL DAWN MATTIFYING WATERPROOF SETTING SPRAY (GRANDE);150000;1;810041815620;Móvil;1941075510;Sí;;;;No;;;17554.97;3;23784.15;;;199021.42;Tarjeta de crédito;06/04/2026 20:27:55;;;;
5975;10a8235be3;;;;;;;;;;;;;;;;;Italia deluxe - Delineadores de labios (Dusty rose);10000;1;082353010424;;;Sí;;;;;;;;;;;;;;;;;;
5975;10a8235be3;;;;;;;;;;;;;;;;;Italia deluxe - Delineadores de labios (rich red);10000;1;082353010530;;;Sí;;;;;;;;;;;;;;;;;;
5975;10a8235be3;;;;;;;;;;;;;;;;;SHOOW TOOLS - ISABEL I (BLACK) (8mm/10mm);30000;2;;;;Sí;;;;;;;;;;;;;;;;;;
5974;d13fa9ec7d;06/04/2026 20:23:35;Archivada;Recibido;Entregado;ARS;360000;72000.00;0;288000;Gran Buenos Aires;Argentina;Beauty House;Pago Nube;;06/04/2026;02/06/2026;(MAYORISTA) Beauty creations - Riding Solo Single Shadows Collection (18PC Set);300000;1;;Móvil;1941082890;Sí;;;;No;;;;;;;;;Transferencia o depósito;06/04/2026 21:16:01;;;09/04/2026 23:59:59;
5974;d13fa9ec7d;;;;;;;;;;;;;;;;;SHOOW TOOLS - ISABEL I (BLACK) (8mm/10mm);30000;1;;;;Sí;;;;;;;;;;;;;;;;;;
5974;d13fa9ec7d;;;;;;;;;;;;;;;;;SHOOW TOOLS - TWIGGY (BLACK) (8mm/10mm);30000;1;;;;Sí;;;;;;;;;;;;;;;;;;
5973;9e4be59e69;06/04/2026 16:20:12;Archivada;Recibido;Entregado;ARS;60000;15000.00;0;45000;Capital Federal;Argentina;Beauty House;Efectivo (Billete);;07/04/2026;07/04/2026;SHOOW TOOLS - ISABEL I (BLACK) (MIXED (8/10/12/14mm));30000;1;;Web;1940812993;Sí;;;;No;;;;;;;;;Efectivo;;;;;
5973;9e4be59e69;;;;;;;;;;;;;;;;;SHOOW TOOLS - ISABEL I (BLACK) (8mm/10mm);30000;1;;;;Sí;;;;;;;;;;;;;;;;;;
5972;0826580396;06/04/2026 13:29:54;Archivada;Recibido;Entregado;ARS;187500;37500.00;0;150000;Capital Federal;Argentina;Beauty House;Pago Nube;;06/04/2026;08/04/2026;Danessa myricks - Groundwork Palette - Blooming Romance;187500;1;810003364456;Web;1940764530;Sí;;;;No;;;;;;;;;Transferencia o depósito;06/04/2026 13:35:07;;;09/04/2026 23:59:59;
5971;4372eca4a8;06/04/2026 12:28:02;Archivada;Recibido;Entregado;ARS;30000;0.00;0;30000;Capital Federal;Argentina;MANDO A RETIRAR ;Mercado Pago;;06/04/2026;06/04/2026;SHOOW TOOLS - ISABEL I (BLACK) (MIXED (8/10/12/14mm));30000;1;;Móvil;1927785955;Sí;;;;No;;;;1;;;;;Tarjeta de crédito;;;;;
5969;0834ec8723;05/04/2026 11:14:33;Archivada;Recibido;Entregado;ARS;213099.97;42619.99;0;170479.98;Mendoza;Argentina;Punto de retiro;Pago Nube;;05/04/2026;20/04/2026;Rare Beauty - Soft Pinch Cheek & Lip Trio;110000;1;;Móvil;1939835817;Sí;;;;No;;;2092.81;;;;;168387.17;Transferencia o depósito;05/04/2026 11:15:28;;;08/04/2026 23:59:59;
5969;0834ec8723;;;;;;;;;;;;;;;;;KIKO MILANO - sculpting touch creamy stick contour (201);68000;1;;;;Sí;;;;;;;;;;;;;;;;;;
5969;0834ec8723;;;;;;;;;;;;;;;;;Ulta beauty - HD setting powder;35099.97;1;717897075850;;;Sí;;;;;;;;;;;;;;;;;;
5967;47dbfaa18a;03/04/2026 15:31:27;Archivada;Recibido;Enviado;ARS;102000;20400.00;5000;86600;Capital Federal;Argentina;Siempre EXPRESS Servicio Premium. Te enviamos un WhatsApp el día anterior a tu entrega con un rango horario de solo 2 a 4hs para que no te quedes esperando todo el día. Ahorrá tiempo.;Pago Nube;;06/04/2026;09/04/2026;SHOOW TOOLS - ISABEL I (BLACK) (MIXED (8/10/12/14mm));30000;1;;Móvil;1938666591;Sí;;;;No;;;1063.10;;;2165.00;;83371.90;Transferencia o depósito;06/04/2026 10:10:28;;;06/04/2026 23:59:59;
5967;47dbfaa18a;;;;;;;;;;;;;;;;;SHOOW TOOLS - TWIGGY (BLACK) (MIXED (8/10/12/14mm));30000;1;;;;Sí;;;;;;;;;;;;;;;;;;
5967;47dbfaa18a;;;;;;;;;;;;;;;;;SHOOW TOOLS - TAYLOR (BLACK) (MIXED (8/10/12/14mm));30000;1;;;;Sí;;;;;;;;;;;;;;;;;;
5967;47dbfaa18a;;;;;;;;;;;;;;;;;SHOOW TOOLS - FOXY #3 (1 PAIR);12000;1;850056827225;;;Sí;;;;;;;;;;;;;;;;;;
5965;b0a5af236e;01/04/2026 13:31:50;Archivada;Recibido;Entregado;ARS;72000;18000.00;0;54000;Gran Buenos Aires;Argentina;Beauty House;Efectivo (Billete);;03/04/2026;03/04/2026;SHOOW TOOLS - TAYLOR (BLACK) (MIXED (8/10/12/14mm));30000;1;;Móvil;1937097598;Sí;;;;No;;;;;;;;;Efectivo;;;;;
5965;b0a5af236e;;;;;;;;;;;;;;;;;SHOOW TOOLS - ISABEL I (BLACK) (MIXED (8/10/12/14mm));30000;1;;;;Sí;;;;;;;;;;;;;;;;;;
5965;b0a5af236e;;;;;;;;;;;;;;;;;SHOOW TOOLS - FOXY #1 (1 PAIR);12000;1;850056827201;;;Sí;;;;;;;;;;;;;;;;;;
5964;f9994e9dbc;31/03/2026 14:49:23;Archivada;Recibido;Enviado;ARS;36000;7200.00;4897;33697;Capital Federal;Argentina;Punto de retiro;Pago Nube;;31/03/2026;06/04/2026;SHOOW TOOLS - ICONIC VOLUME (10PARES);36000;1;850056827041;Móvil;1936476071;Sí;;;;No;;;413.66;;;842.42;;32440.92;Transferencia o depósito;31/03/2026 14:51:12;;;03/04/2026 23:59:59;
5963;aa4681d3f8;31/03/2026 04:04:46;Archivada;Recibido;Entregado;ARS;30000.04;6000.01;8516.32;32516.35;Córdoba;Argentina;Envío Nube - Andreani a domicilio;Pago Nube;;31/03/2026;09/04/2026;ARDELL - DEMI WISPIES;15000.02;2;074764650122;Móvil;1936181765;Sí;;;;No;;;399.17;;;;;32117.18;Transferencia o depósito;31/03/2026 04:10:14;;;03/04/2026 23:59:59;
5961;14375fb118;29/03/2026 20:32:39;Archivada;Recibido;Enviado;ARS;144450.09;15750.00;5000;133700.09;Capital Federal;Argentina;Siempre EXPRESS Servicio Premium. Te enviamos un WhatsApp el día anterior a tu entrega con un rango horario de solo 2 a 4hs para que no te quedes esperando todo el día. Ahorrá tiempo.;Pago Nube;AN15;29/03/2026;30/03/2026;SHOOW TOOLS - NATURAL SHOOW (10 PAIRS);36000;1;850056827003;Web;1935178565;Sí;;;;No;;;9764.92;3;13229.89;3342.50;;107362.78;Tarjeta de crédito;29/03/2026 20:32:40;;;;
5961;14375fb118;;;;;;;;;;;;;;;;;SHOOW TOOLS - FOXY #1 (10PAIRS);36000;1;850056827089;;;Sí;;;;;;;;;;;;;;;;;;
5961;14375fb118;;;;;;;;;;;;;;;;;AOA STUDIO - PEGA DE PESTAÑAS LASH GLUE;18000;1;3D24A;;;Sí;;;;;;;;;;;;;;;;;;
5961;14375fb118;;;;;;;;;;;;;;;;;DESCARTABLES PARA LABIAL (50UNID) (Dorado);21450.09;1;B2302260064773;;;Sí;;;;;;;;;;;;;;;;;;
5961;14375fb118;;;;;;;;;;;;;;;;;SHOOW TOOLS - DEPOT ESSENTIAL KIT (4PZ);18000;1;850056827256;;;Sí;;;;;;;;;;;;;;;;;;
5961;14375fb118;;;;;;;;;;;;;;;;;SHOOW TOOLS - Triangle powder puff (3 units);15000;1;;;;Sí;;;;;;;;;;;;;;;;;;
5959;c8a524e168;28/03/2026 20:08:35;Archivada;Recibido;Enviado;ARS;30000;0.00;5000;35000;Capital Federal;Argentina;Siempre EXPRESS Servicio Premium. Te enviamos un WhatsApp el día anterior a tu entrega con un rango horario de solo 2 a 4hs para que no te quedes esperando todo el día. Ahorrá tiempo.;Pago Nube;;28/03/2026;30/03/2026;SHOOW TOOLS - TWIGGY (BLACK) (MIXED (8/10/12/14mm));30000;1;;Móvil;1934544257;Sí;;;;No;;;2556.26;1;;875.00;;31568.74;Tarjeta de crédito;28/03/2026 20:08:37;;;;
5958;8ddb53401f;28/03/2026 17:02:15;Archivada;Recibido;Entregado;ARS;51749.91;10349.98;0;41399.93;Capital Federal;Argentina;MANDO A RETIRAR ;Pago Nube;;28/03/2026;31/03/2026;SHOOW TOOLS - ISABEL I (BLACK) (8mm/10mm);30000;1;;Móvil;1934432256;Sí;;;;No;;;508.22;;;1035.00;;39856.71;Transferencia o depósito;28/03/2026 17:03:31;;;31/03/2026 23:59:59;
5958;8ddb53401f;;;;;;;;;;;;;;;;;SHOOW TOOLS - FOXY #1 (1 PAIR);12000;1;850056827201;;;Sí;;;;;;;;;;;;;;;;;;
5958;8ddb53401f;;;;;;;;;;;;;;;;;AOA STUDIO - PARCHES PARA MAQUILLAJE (14 PARCHES);9749.91;1;100000088838;;;Sí;;;;;;;;;;;;;;;;;;
5957;75fd6a36b7;28/03/2026 13:58:44;Archivada;Recibido;Enviado;ARS;210000;31500.00;8000;186500;Gran Buenos Aires;Argentina;Siempre EXPRESS Servicio Premium. Te enviamos un WhatsApp el día anterior a tu entrega con un rango horario de solo 2 a 4hs para que no te quedes esperando todo el día. Ahorrá tiempo.;Pago Nube;AN15;28/03/2026;30/03/2026;SHOOW TOOLS - ISABEL I (BLACK) (MIXED (8/10/12/14mm));30000;3;;Móvil;1934148236;Sí;;;;No;;;13621.22;3;18454.54;;;154424.24;Tarjeta de crédito;28/03/2026 13:58:46;;;;
5957;75fd6a36b7;;;;;;;;;;;;;;;;;SHOOW TOOLS - TWIGGY (BLACK) (MIXED (8/10/12/14mm));30000;2;;;;Sí;;;;;;;;;;;;;;;;;;
5957;75fd6a36b7;;;;;;;;;;;;;;;;;SHOOW TOOLS - Elizabeth Taylor (BLACK);30000;2;;;;Sí;;;;;;;;;;;;;;;;;;
5956;48d579ff32;27/03/2026 14:20:02;Archivada;Recibido;Entregado;ARS;30000;0.00;0;30000;Capital Federal;Argentina;Beauty House;Pago Nube;;27/03/2026;03/04/2026;Schwarzkopf - GOT2B gel;30000;1;052336341456;Web;1933696743;Sí;;;;No;;;2191.08;1;;750.00;;27058.92;Tarjeta de crédito;27/03/2026 14:20:04;;;;
5955;4b9dec532e;26/03/2026 22:09:45;Archivada;Recibido;Entregado;ARS;20000;0.00;0;20000;Capital Federal;Argentina;MANDO A RETIRAR ;Mercado Pago;;26/03/2026;03/04/2026;Italia deluxe - Delineadores de labios (Hazelnut);10000;1;082353010646;Móvil;1933311196;Sí;;;;No;;;;;;;;;Billetera virtual;;;;;
5955;4b9dec532e;;;;;;;;;;;;;;;;;Italia deluxe - Delineadores de labios (Mauve);10000;1;082353010547;;;Sí;;;;;;;;;;;;;;;;;;
5954;7b915fef8d;26/03/2026 20:48:57;Archivada;Recibido;Enviado;ARS;20000;4000.00;5000;21000;Capital Federal;Argentina;Siempre EXPRESS Servicio Premium. Te enviamos un WhatsApp el día anterior a tu entrega con un rango horario de solo 2 a 4hs para que no te quedes esperando todo el día. Ahorrá tiempo.;Pago Nube;;26/03/2026;27/03/2026;Italia deluxe - Delineadores de labios (hot cocoa);10000;1;082353010608;Móvil;1933243094;Sí;;;;No;;;257.79;;;525.00;;20217.21;Transferencia o depósito;26/03/2026 20:51:52;;;29/03/2026 23:59:59;
5954;7b915fef8d;;;;;;;;;;;;;;;;;Italia deluxe - Delineadores de labios (Mauve);10000;1;082353010547;;;Sí;;;;;;;;;;;;;;;;;;
5953;f7ea023b43;26/03/2026 20:00:25;Archivada;Recibido;Entregado;ARS;75000;0.00;10811.2;85811.2;Jujuy;Argentina;Envío Nube - Andreani a domicilio;Mercado Pago;;26/03/2026;08/04/2026;SHOOW TOOLS - TWIGGY (BLACK) (8mm/10mm);30000;1;;Móvil;1933217963;Sí;;;;No;;;;1;;;;;Tarjeta de crédito;;;;;
5953;f7ea023b43;;;;;;;;;;;;;;;;;SHOOW TOOLS - TWIGGY (BLACK) (MIXED (8/10/12/14mm));30000;1;;;;Sí;;;;;;;;;;;;;;;;;;
5953;f7ea023b43;;;;;;;;;;;;;;;;;SHOOW TOOLS - Triangle powder puff (3 units);15000;1;;;;Sí;;;;;;;;;;;;;;;;;;
5951;27900198ae;26/03/2026 10:30:10;Archivada;Recibido;Entregado;ARS;167000;0.00;9187.2;176187.2;Tucumán;Argentina;Envío Nube - Andreani a domicilio;Pago Nube;;26/03/2026;06/04/2026;EMBRYOLISSE - HYDRA-CREAM LÉGÈRE (40ml);80000;1;3350900001315;Web;1932831307;Sí;;;;No;;;12868.01;3;17434.07;;;145885.12;Tarjeta de crédito;26/03/2026 10:30:14;;;;
5951;27900198ae;;;;;;;;;;;;;;;;;SHOOW TOOLS - Triangle powder puff (3 units);15000;1;;;;Sí;;;;;;;;;;;;;;;;;;
5951;27900198ae;;;;;;;;;;;;;;;;;SHOOW TOOLS - NATURAL SHOOW (10 PAIRS);36000;1;850056827003;;;Sí;;;;;;;;;;;;;;;;;;
5951;27900198ae;;;;;;;;;;;;;;;;;SHOOW TOOLS - ICONIC VOLUME (10PARES);36000;1;850056827041;;;Sí;;;;;;;;;;;;;;;;;;
5950;6836e5f78d;25/03/2026 19:23:10;Archivada;Recibido;Entregado;ARS;871200;174240.00;0;696960;Entre Ríos;Argentina;MANDO A RETIRAR ;Pago Nube;;26/03/2026;06/04/2026;SHOOW TOOLS - FOXY #1 (10PAIRS);19800;12;850056827089;Web;1932503691;Sí;;;;No;;;;;;;;;Transferencia o depósito;26/03/2026 16:01:16;;;28/03/2026 23:59:59;
5950;6836e5f78d;;;;;;;;;;;;;;;;;SHOOW TOOLS - FOXY CAT EYE (10PAIRS);19800;2;850056827119;;;Sí;;;;;;;;;;;;;;;;;;
5950;6836e5f78d;;;;;;;;;;;;;;;;;SHOOW TOOLS - TAYLOR (BLACK) (MIXED (8/10/12/14mm));16500;8;;;;Sí;;;;;;;;;;;;;;;;;;
5950;6836e5f78d;;;;;;;;;;;;;;;;;SHOOW TOOLS - TAYLOR (BLACK) (8mm/10mm);16500;4;;;;Sí;;;;;;;;;;;;;;;;;;
5950;6836e5f78d;;;;;;;;;;;;;;;;;SHOOW TOOLS - ISABEL I (BLACK) (8mm/10mm);16500;8;;;;Sí;;;;;;;;;;;;;;;;;;
5950;6836e5f78d;;;;;;;;;;;;;;;;;SHOOW TOOLS - TWIGGY (BLACK) (MIXED (8/10/12/14mm));16500;8;;;;Sí;;;;;;;;;;;;;;;;;;
5950;6836e5f78d;;;;;;;;;;;;;;;;;SHOOW TOOLS - TWIGGY (BLACK) (8mm/10mm);16500;4;;;;Sí;;;;;;;;;;;;;;;;;;
5950;6836e5f78d;;;;;;;;;;;;;;;;;SHOOW TOOLS - ISABEL I (CHOCOLATE) (8/8/10/12 mm);16500;4;;;;Sí;;;;;;;;;;;;;;;;;;
5945;456033ba37;25/03/2026 14:25:47;Archivada;Recibido;Entregado;ARS;30000;7500.00;0;22500;Gran Buenos Aires;Argentina;Beauty House;Efectivo (Billete);;28/03/2026;28/03/2026;SHOOW TOOLS - ISABEL I (BLACK) (8mm/10mm);30000;1;;Móvil;1932215081;Sí;;;;No;;;;;;;;;Efectivo;;;;;
5944;47dbfaa18a;25/03/2026 13:18:41;Archivada;Recibido;Enviado;ARS;60000;12000.00;5000;53000;Capital Federal;Argentina;Siempre EXPRESS Servicio Premium. Te enviamos un WhatsApp el día anterior a tu entrega con un rango horario de solo 2 a 4hs para que no te quedes esperando todo el día. Ahorrá tiempo.;Pago Nube;;25/03/2026;27/03/2026;SHOOW TOOLS - ISABEL I (BLACK) (MIXED (8/10/12/14mm));30000;1;;Móvil;1930408183;Sí;;;;No;;;650.62;;;1325.00;;51024.38;Transferencia o depósito;25/03/2026 13:19:50;;;28/03/2026 23:59:59;
5944;47dbfaa18a;;;;;;;;;;;;;;;;;SHOOW TOOLS - Elizabeth Taylor (BLACK);30000;1;;;;Sí;;;;;;;;;;;;;;;;;;
5943;599e6e7919;25/03/2026 10:16:16;Archivada;Recibido;Entregado;ARS;60000;12000.00;8285;56285;Gran Buenos Aires;Argentina;Envío Nube - Correo Argentino Expreso a domicilio;Pago Nube;;25/03/2026;31/03/2026;SHOOW TOOLS - ISABEL I (BLACK) (8mm/10mm);30000;2;;Móvil;1923598136;Sí;;;;No;;;690.95;;;;;55594.05;Transferencia o depósito;25/03/2026 10:16:58;;;28/03/2026 23:59:59;
5941;5c4db7d983;23/03/2026 21:19:16;Archivada;Recibido;Entregado;ARS;60000;12000.00;7435;55435;Córdoba;Argentina;Punto de retiro;Pago Nube;;23/03/2026;27/03/2026;Italia deluxe - Delineadores de labios (Natural);5000;1;082353010332;Web;1930323485;Sí;;;;No;;;;;;;;;Transferencia o depósito;23/03/2026 21:29:25;;;26/03/2026 23:59:59;
5941;5c4db7d983;;;;;;;;;;;;;;;;;Italia deluxe - Delineadores de labios (Brown);5000;1;082353010400;;;Sí;;;;;;;;;;;;;;;;;;
5941;5c4db7d983;;;;;;;;;;;;;;;;;Italia deluxe - Delineadores de labios (Chocolate);5000;1;082353010332;;;Sí;;;;;;;;;;;;;;;;;;
5941;5c4db7d983;;;;;;;;;;;;;;;;;Italia deluxe - Delineadores de labios (Dusty rose);5000;1;082353010424;;;Sí;;;;;;;;;;;;;;;;;;
5941;5c4db7d983;;;;;;;;;;;;;;;;;Italia deluxe - Delineadores de labios (Bare);5000;1;082353010592;;;Sí;;;;;;;;;;;;;;;;;;
5941;5c4db7d983;;;;;;;;;;;;;;;;;Italia deluxe - Delineadores de labios (Hazelnut);5000;2;082353010646;;;Sí;;;;;;;;;;;;;;;;;;
5941;5c4db7d983;;;;;;;;;;;;;;;;;Italia deluxe - Delineadores de labios (Mauve);5000;1;082353010547;;;Sí;;;;;;;;;;;;;;;;;;
5941;5c4db7d983;;;;;;;;;;;;;;;;;Italia deluxe - Delineadores de labios (natural beige);5000;2;082353010523;;;Sí;;;;;;;;;;;;;;;;;;
5941;5c4db7d983;;;;;;;;;;;;;;;;;Italia deluxe - Delineadores de labios (terracotta);5000;1;082353010653;;;Sí;;;;;;;;;;;;;;;;;;
5941;5c4db7d983;;;;;;;;;;;;;;;;;Italia deluxe - Delineadores de labios (soft pink);5000;1;082353010417;;;Sí;;;;;;;;;;;;;;;;;;
5940;b427fe3e45;23/03/2026 17:47:39;Archivada;Recibido;Entregado;ARS;30000;0.00;8731;38731;Córdoba;Argentina;Envío Nube - Correo Argentino Clásico a domicilio;Mercado Pago;;23/03/2026;30/03/2026;SHOOW TOOLS - TAYLOR (BLACK) (MIXED (8/10/12/14mm));30000;1;;Móvil;1930082471;Sí;;;;No;;;;;;;;;Billetera virtual;;;;;
5939;a0c03db092;23/03/2026 09:32:41;Archivada;Recibido;Entregado;ARS;63000.16;12600.03;4897;55297.13;Capital Federal;Argentina;Punto de retiro;Pago Nube;;23/03/2026;26/03/2026;SHOOW TOOLS - MINI POWDER CONTAINER (5 PZ);18000.08;1;;Móvil;1929566088;Sí;;;;No;;;678.82;;;1382.43;;53235.88;Transferencia o depósito;23/03/2026 09:35:58;;;26/03/2026 23:59:59;
5939;a0c03db092;;;;;;;;;;;;;;;;;Schwarzkopf - GOT2B gel;27000;1;052336341456;;;Sí;;;;;;;;;;;;;;;;;;
5939;a0c03db092;;;;;;;;;;;;;;;;;SHOOW TOOLS - MINI LIP CONTAINER (5 unid);18000.08;1;;;;Sí;;;;;;;;;;;;;;;;;;
5938;7a573f5c31;22/03/2026 16:00:51;Archivada;Recibido;Entregado;ARS;103349.92;0.00;7557;110906.92;Buenos Aires;Argentina;Envío Nube - Correo Argentino Clásico a domicilio;Pago Nube;;22/03/2026;26/03/2026;Dermablend - Setting powder (Resistente) (TRANSLUCIDO);93600.01;1;099712410054;Móvil;1927265285;Sí;;;;No;;;8100.19;1;;;;102806.73;Tarjeta de crédito;22/03/2026 16:00:54;;;;
5938;7a573f5c31;;;;;;;;;;;;;;;;;AOA STUDIO - FAT LASH;9749.91;1;100000086391;;;Sí;;;;;;;;;;;;;;;;;;
5937;cabb1200fd;22/03/2026 15:48:56;Archivada;Recibido;Entregado;ARS;80000;16000.00;5320.32;69320.32;Buenos Aires;Argentina;Punto de retiro;Pago Nube;;22/03/2026;16/04/2026;(MAYORISTA) Beauty creations - Wooden Lip Pencil (12 unid);80000;1;;Móvil;1928735809;Sí;;;;No;;;850.97;;;;;68469.35;Transferencia o depósito;22/03/2026 15:49:47;;;25/03/2026 23:59:59;
5936;7d7712eff0;21/03/2026 20:22:28;Archivada;Recibido;Enviado;ARS;30000;0.00;5000;35000;Capital Federal;Argentina;Siempre EXPRESS Servicio Premium. Te enviamos un WhatsApp el día anterior a tu entrega con un rango horario de solo 2 a 4hs para que no te quedes esperando todo el día. Ahorrá tiempo.;Mercado Pago;;21/03/2026;24/03/2026;SHOOW TOOLS - TAYLOR (BLACK) (8mm/10mm);30000;1;;Móvil;1927883562;Sí;;;;No;;;;1;;;;;Tarjeta de crédito;;;;;
5935;8f57f563df;21/03/2026 18:20:33;Archivada;Recibido;Entregado;ARS;150000;30000.00;0;120000;Capital Federal;Argentina;Beauty House;Pago Nube;;23/03/2026;23/03/2026;SHOOW TOOLS - Elizabeth Taylor (BLACK);30000;1;;Web;1927759670;Sí;;;;No;;;;;;;;;Transferencia o depósito;23/03/2026 09:52:24;;;24/03/2026 23:59:59;
5935;8f57f563df;;;;;;;;;;;;;;;;;SHOOW TOOLS - TAYLOR (BLACK) (MIXED (8/10/12/14mm));30000;2;;;;Sí;;;;;;;;;;;;;;;;;;
5935;8f57f563df;;;;;;;;;;;;;;;;;SHOOW TOOLS - TAYLOR (BLACK) (8mm/10mm);30000;2;;;;Sí;;;;;;;;;;;;;;;;;;
5934;9f71927a1b;21/03/2026 11:14:38;Archivada;Recibido;Entregado;ARS;30000;4500.00;7557;33057;Gran Buenos Aires;Argentina;Envío Nube - Correo Argentino Clásico a domicilio;Pago Nube;CHARME15;21/03/2026;26/03/2026;SHOOW TOOLS - TAYLOR (BLACK) (8mm/10mm);30000;1;;Móvil;1927271461;Sí;;;;No;;;2414.35;1;;;;30642.65;Tarjeta de crédito;21/03/2026 11:14:58;;;;
5933;6dcb6bab36;20/03/2026 16:20:35;Archivada;Recibido;Enviado;ARS;30000;6000.00;10500;34500;Gran Buenos Aires;Argentina;Siempre EXPRESS Servicio Premium. Te enviamos un WhatsApp el día anterior a tu entrega con un rango horario de solo 2 a 4hs para que no te quedes esperando todo el día. Ahorrá tiempo.;Pago Nube;;20/03/2026;20/03/2026;SHOOW TOOLS - TWIGGY (BLACK) (MIXED (8/10/12/14mm));30000;1;;Web;1926436725;Sí;;;;No;;;;;;;;;Transferencia o depósito;20/03/2026 16:20:43;;;23/03/2026 23:59:59;
5932;b46a5388d0;20/03/2026 10:14:09;Archivada;Recibido;Entregado;ARS;309324.98;0.00;0;309324.98;Salta;Argentina;Punto de retiro;Link de pago;;20/03/2026;17/04/2026;(MAYORISTA) Beauty creations - Wooden Lip Pencil (12 unid);80000;1;;Web;1925151490;Sí;;;;No;;;;;;;;;A convenir;;;;;
5932;b46a5388d0;;;;;;;;;;;;;;;;;RARE BEAUTY - MINI SOFT PINCH LIQUID BLUSH (Happy.);54999.97;1;840122901638;;;Sí;;;;;;;;;;;;;;;;;;
5932;b46a5388d0;;;;;;;;;;;;;;;;;Charlotte Tilbury - Mini Pillow Talk Lipstick & Liner Set;104325.06;1;5060696171557;;;Sí;;;;;;;;;;;;;;;;;;
5932;b46a5388d0;;;;;;;;;;;;;;;;;SHOOW TOOLS - ISABEL I (BLACK) (8mm/10mm);30000;1;;;;Sí;;;;;;;;;;;;;;;;;;
5932;b46a5388d0;;;;;;;;;;;;;;;;;NYX - EPIC INK LINER WATERPROOF - (MILK CHOCOLATE);39999.95;1;800897255145;;;Sí;;;;;;;;;;;;;;;;;;
5931;511cd8b37d;19/03/2026 14:58:50;Archivada;Recibido;Entregado;ARS;420000;42000.00;10055;388055;Córdoba;Argentina;Envío Nube - Correo Argentino Clásico a domicilio;Pago Nube;WELCOME10;19/03/2026;16/04/2026;(MAYORISTA) Beauty creations - Dare to be Bright Color Base Primer Set (Todos los tonos);120000;1;;Móvil;1925150544;Sí;;;;No;;;28341.99;6;74680.40;;;285032.61;Tarjeta de crédito;19/03/2026 14:58:53;;;;
5931;511cd8b37d;;;;;;;;;;;;;;;;;(MAYORISTA) Beauty creations - Riding Solo Single Shadows Collection (18PC Set);300000;1;;;;Sí;;;;;;;;;;;;;;;;;;
5930;b0820b09b1;19/03/2026 14:54:39;Archivada;Recibido;Entregado;ARS;116000;23200.00;0;92800;Cordoba;Argentina;Punto de retiro;Pago Nube;;19/03/2026;31/03/2026;SHOOW TOOLS - ISABEL I (BLACK) (8mm/10mm);30000;1;;Web;1925109589;Sí;;;;No;;;1139.21;;;;;91660.79;Transferencia o depósito;19/03/2026 14:56:02;;;22/03/2026 23:59:59;
5930;b0820b09b1;;;;;;;;;;;;;;;;;AOA STUDIO - PEGA DE PESTAÑAS LASH GLUE;18000;1;3D24A;;;Sí;;;;;;;;;;;;;;;;;;
5930;b0820b09b1;;;;;;;;;;;;;;;;;the ordinary caffeine solution 5 + egcg (Contorno de ojos);68000;1;TORD002;;;Sí;;;;;;;;;;;;;;;;;;
5929;a6fa96d615;19/03/2026 13:27:58;Archivada;Recibido;Entregado;ARS;30000;6000.00;0;24000;Capital Federal;Argentina;Beauty House;Pago Nube;;24/03/2026;24/03/2026;SHOOW TOOLS - TAYLOR (BLACK) (8mm/10mm);30000;1;;Web;1924435470;Sí;;;;No;;;;;;;;;Transferencia o depósito;24/03/2026 15:40:41;;;22/03/2026 23:59:59;
5928;cf102ba29b;19/03/2026 09:41:15;Archivada;Recibido;No está empaquetado;ARS;96000;0.00;0;96000;Capital Federal;Argentina;MANDO A RETIRAR ;Link de pago;;19/03/2026;;SHOOW TOOLS - SO CLASSY (10PAIRS);36000;1;850056827027;Móvil;1918097633;Sí;;;;No;;;;;;;;;A convenir;;;;;
5928;cf102ba29b;;;;;;;;;;;;;;;;;SHOOW TOOLS - Elizabeth Taylor (BLACK);30000;1;;;;Sí;;;;;;;;;;;;;;;;;;
5928;cf102ba29b;;;;;;;;;;;;;;;;;SHOOW TOOLS - ISABEL I (BLACK) (MIXED (8/10/12/14mm));30000;1;;;;Sí;;;;;;;;;;;;;;;;;;
5927;dd228490db;19/03/2026 07:43:49;Archivada;Recibido;Enviado;ARS;75000;0.00;4500;79500;Capital Federal;Argentina;Siempre EXPRESS Servicio Premium. Te enviamos un WhatsApp el día anterior a tu entrega con un rango horario de solo 2 a 4hs para que no te quedes esperando todo el día. Ahorrá tiempo.;Pago Nube;;19/03/2026;19/03/2026;SHOOW TOOLS - ISABEL I (CHOCOLATE) (8/8/10/12 mm);30000;1;;Móvil;1924754886;Sí;;;;No;;;5806.36;1;;1987.50;;71706.14;Tarjeta de crédito;19/03/2026 07:43:50;;;;
5927;dd228490db;;;;;;;;;;;;;;;;;SHOOW TOOLS - ISABEL I (BLACK) (MIXED (8/10/12/14mm));30000;1;;;;Sí;;;;;;;;;;;;;;;;;;
5927;dd228490db;;;;;;;;;;;;;;;;;SHOOW TOOLS - The triangle powder puff duo;15000;1;;;;Sí;;;;;;;;;;;;;;;;;;
5926;727c755852;18/03/2026 20:43:21;Archivada;Recibido;Entregado;ARS;30000;6000.00;0;24000;Capital Federal;Argentina;Beauty House;Pago Nube;;18/03/2026;19/03/2026;SHOOW TOOLS - ISABEL I (BLACK) (8mm/10mm);30000;1;;Móvil;1924523913;Sí;;;;No;;;294.62;;;600.00;;23105.38;Transferencia o depósito;18/03/2026 20:44:24;;;21/03/2026 23:59:59;
5925;647e44c497;18/03/2026 18:26:29;Archivada;Recibido;Entregado;ARS;105000;26250.00;0;78750;Capital Federal;Argentina;Beauty House;Efectivo (Billete);;19/03/2026;19/03/2026;Schwarzkopf - GOT2B gel;27000;1;052336341456;Web;1924431468;Sí;;;;No;;;;;;;;;Efectivo;;;;;
5925;647e44c497;;;;;;;;;;;;;;;;;SHOOW TOOLS - ISABEL I (BLACK) (MIXED (8/10/12/14mm));30000;1;;;;Sí;;;;;;;;;;;;;;;;;;
5925;647e44c497;;;;;;;;;;;;;;;;;SHOOW TOOLS - TAYLOR (BLACK) (8mm/10mm);30000;1;;;;Sí;;;;;;;;;;;;;;;;;;
5925;647e44c497;;;;;;;;;;;;;;;;;AOA STUDIO - PEGA DE PESTAÑAS LASH GLUE;18000;1;3D24A;;;Sí;;;;;;;;;;;;;;;;;;
5923;846dee454a;18/03/2026 17:17:51;Archivada;Recibido;Entregado;ARS;48000;12000.00;0;36000;Capital Federal;Argentina;Beauty House;Efectivo (Billete);;18/03/2026;19/03/2026;SHOOW TOOLS - ISABEL I (BLACK) (8mm/10mm);30000;1;;Web;1924384814;Sí;;;;No;;;;;;;;;Efectivo;;;;;
5923;846dee454a;;;;;;;;;;;;;;;;;AOA STUDIO - PEGA DE PESTAÑAS LASH GLUE;18000;1;3D24A;;;Sí;;;;;;;;;;;;;;;;;;
5922;30eee5f521;18/03/2026 13:32:16;Archivada;Recibido;Entregado;ARS;85300.07;21325.02;0;63975.05;Capital Federal;Argentina;MANDO A RETIRAR ;Efectivo (Billete);;20/03/2026;20/03/2026;JESSUP - PRO BLENDING BRUSH SET 13PCS T338;85300.07;1;6976074373385;Móvil;1922774791;Sí;;;;No;;;;;;;;;Efectivo;;;;;
5921;c71ba36812;18/03/2026 11:32:38;Archivada;Recibido;Entregado;ARS;108000;21600.00;0;86400;Córdoba;Argentina;Punto de retiro;Pago Nube;;18/03/2026;07/04/2026;SHOOW TOOLS - NATURAL SHOOW (10 PAIRS);36000;3;850056827003;Móvil;1924137899;Sí;;;;No;;;1060.64;;;;;85339.36;Transferencia o depósito;18/03/2026 11:33:40;;;21/03/2026 23:59:59;
5920;3a8b17762f;18/03/2026 08:04:33;Archivada;Recibido;Enviado;ARS;30000;6000.00;4500;28500;Capital Federal;Argentina;Siempre EXPRESS Servicio Premium. Te enviamos un WhatsApp el día anterior a tu entrega con un rango horario de solo 2 a 4hs para que no te quedes esperando todo el día. Ahorrá tiempo.;Pago Nube;;18/03/2026;19/03/2026;Italia deluxe - Delineadores de labios (Hazelnut);10000;1;082353010646;Móvil;1924002172;Sí;;;;No;;;349.86;;;712.50;;27437.64;Transferencia o depósito;18/03/2026 08:17:30;;;21/03/2026 23:59:59;
5920;3a8b17762f;;;;;;;;;;;;;;;;;Italia deluxe - Delineadores de labios (Dusty rose);10000;1;082353010424;;;Sí;;;;;;;;;;;;;;;;;;
5920;3a8b17762f;;;;;;;;;;;;;;;;;Italia deluxe - Delineadores de labios (Natural);10000;1;082353010332;;;Sí;;;;;;;;;;;;;;;;;;
5919;143080f16b;17/03/2026 16:50:42;Archivada;Recibido;Enviado;ARS;48000;9600.00;4500;42900;Capital Federal;Argentina;Siempre EXPRESS Servicio Premium. Te enviamos un WhatsApp el día anterior a tu entrega con un rango horario de solo 2 a 4hs para que no te quedes esperando todo el día. Ahorrá tiempo.;Pago Nube;;17/03/2026;19/03/2026;AOA STUDIO - PEGA DE PESTAÑAS LASH GLUE;18000;1;3D24A;Web;1923383023;Sí;;;;No;;;526.64;;;1072.50;;41300.86;Transferencia o depósito;17/03/2026 16:51:40;;;20/03/2026 23:59:59;
5919;143080f16b;;;;;;;;;;;;;;;;;SHOOW TOOLS - TWIGGY (BLACK) (8mm/10mm);30000;1;;;;Sí;;;;;;;;;;;;;;;;;;
5918;5dd4b799e0;17/03/2026 13:43:50;Archivada;Recibido;Entregado;ARS;103350.06;20670.01;6675.52;89355.57;La Pampa;Argentina;Punto de retiro;Pago Nube;;17/03/2026;25/03/2026;SHOOW TOOLS - ISABEL I (BLACK) (MIXED (8/10/12/14mm));30000;1;;Web;1923466201;Sí;;;;No;;;;;;;;;Transferencia o depósito;17/03/2026 14:07:41;;;20/03/2026 23:59:59;
5918;5dd4b799e0;;;;;;;;;;;;;;;;;SHOOW TOOLS - ISABEL I (BLACK) (8mm/10mm);30000;1;;;;Sí;;;;;;;;;;;;;;;;;;
5918;5dd4b799e0;;;;;;;;;;;;;;;;;(PRE VENTA ) - AOA STUDIO - PEGA DE PESTAÑAS LASH GLUE;18000;1;3D24A;;;Sí;;;;;;;;;;;;;;;;;;
5918;5dd4b799e0;;;;;;;;;;;;;;;;;MILANI - BLUSH LUMINOSO (TRAVEL SIZE) 1G;25350.06;1;717489829014;;;Sí;;;;;;;;;;;;;;;;;;
5916;7718c5ac26;17/03/2026 10:16:26;Archivada;Recibido;Entregado;ARS;75000;15000.00;6675.52;66675.52;Buenos Aires;Argentina;Punto de retiro;Pago Nube;;17/03/2026;23/03/2026;SHOOW TOOLS - ISABEL I (BLACK) (8mm/10mm);30000;2;;Móvil;1923303187;Sí;;;;No;;;818.50;;;;;65857.02;Transferencia o depósito;17/03/2026 10:18:40;;;20/03/2026 23:59:59;
5916;7718c5ac26;;;;;;;;;;;;;;;;;SHOOW TOOLS - Triangle powder puff (3 units);15000;1;;;;Sí;;;;;;;;;;;;;;;;;;
5915;cde6bde978;17/03/2026 07:38:41;Archivada;Recibido;Entregado;ARS;60000;12000.00;8285;56285;Gran Buenos Aires;Argentina;Envío Nube - Correo Argentino Expreso a domicilio;Pago Nube;;17/03/2026;25/03/2026;SHOOW TOOLS - ISABEL I (BLACK) (8mm/10mm);30000;2;;Móvil;1923219050;Sí;;;;No;;;690.95;;;;;55594.05;Transferencia o depósito;17/03/2026 07:42:47;;;20/03/2026 23:59:59;
5914;997694de39;16/03/2026 15:47:19;Archivada;Recibido;Entregado;ARS;36000;9000.00;0;27000;Capital Federal;Argentina;Beauty House;Efectivo (Billete);;25/03/2026;25/03/2026;SHOOW TOOLS - FOXY CAT EYE (10PAIRS);36000;1;850056827119;Web;1918254638;Sí;;;;No;;;;;;;;;Efectivo;;;;;
5913;96f0ee7a9d;16/03/2026 14:53:41;Archivada;Recibido;Enviado;ARS;60000;12000.00;4500;52500;Capital Federal;Argentina;Siempre EXPRESS Servicio Premium. Te enviamos un WhatsApp el día anterior a tu entrega con un rango horario de solo 2 a 4hs para que no te quedes esperando todo el día. Ahorrá tiempo.;Pago Nube;;16/03/2026;19/03/2026;SHOOW TOOLS - ISABEL I (BLACK) (MIXED (8/10/12/14mm));30000;1;;Móvil;1922753634;Sí;;;;No;;;644.49;;;1312.50;;50543.01;Transferencia o depósito;16/03/2026 14:54:55;;;19/03/2026 23:59:59;
5913;96f0ee7a9d;;;;;;;;;;;;;;;;;SHOOW TOOLS - TAYLOR (BLACK) (MIXED (8/10/12/14mm));30000;1;;;;Sí;;;;;;;;;;;;;;;;;;
5912;a9eb36e4b7;16/03/2026 12:50:44;Archivada;Recibido;Enviado;ARS;30000;6000.00;4500;28500;Capital Federal;Argentina;Siempre EXPRESS Servicio Premium. Te enviamos un WhatsApp el día anterior a tu entrega con un rango horario de solo 2 a 4hs para que no te quedes esperando todo el día. Ahorrá tiempo.;Pago Nube;;16/03/2026;24/03/2026;SHOOW TOOLS - Elizabeth Taylor (BLACK);30000;1;;Móvil;1922661791;Sí;;;;No;;;349.86;;;712.50;;27437.64;Transferencia o depósito;16/03/2026 12:51:38;;;19/03/2026 23:59:59;
5911;c8d9134202;16/03/2026 12:48:42;Archivada;Recibido;Entregado;ARS;60000;12000.00;9153.6;57153.6;Entre Ríos;Argentina;Envío Nube - Andreani a domicilio;Pago Nube;;16/03/2026;21/03/2026;SHOOW TOOLS - ISABEL I (BLACK) (8mm/10mm);30000;1;;Móvil;1917663954;Sí;;;;No;;;701.61;;;;;56451.99;Transferencia o depósito;16/03/2026 12:49:50;;;19/03/2026 23:59:59;
5911;c8d9134202;;;;;;;;;;;;;;;;;SHOOW TOOLS - ISABEL I (BLACK) (MIXED (8/10/12/14mm));30000;1;;;;Sí;;;;;;;;;;;;;;;;;;
5909;fa7e6746ab;15/03/2026 18:34:35;Archivada;Recibido;Enviado;ARS;126000;0.00;10000;136000;Buenos Aires;Argentina;Siempre EXPRESS Servicio Premium. Te enviamos un WhatsApp el día anterior a tu entrega con un rango horario de solo 2 a 4hs para que no te quedes esperando todo el día. Ahorrá tiempo.;Pago Nube;;15/03/2026;19/03/2026;SHOOW TOOLS - TAYLOR (BLACK) (8mm/10mm);30000;1;;Web;1922108236;Sí;;;;No;;;9932.89;3;13457.47;;;112609.64;Tarjeta de crédito;15/03/2026 18:34:36;;;;
5909;fa7e6746ab;;;;;;;;;;;;;;;;;SHOOW TOOLS - TWIGGY (BLACK) (8mm/10mm);30000;1;;;;Sí;;;;;;;;;;;;;;;;;;
5909;fa7e6746ab;;;;;;;;;;;;;;;;;SHOOW TOOLS - SO CLASSY (1 PAIR);12000;1;850056827140;;;Sí;;;;;;;;;;;;;;;;;;
5909;fa7e6746ab;;;;;;;;;;;;;;;;;SHOOW TOOLS - SOFT & SHORT (1 PAIR);12000;1;850056827133;;;Sí;;;;;;;;;;;;;;;;;;
5909;fa7e6746ab;;;;;;;;;;;;;;;;;SHOOW TOOLS - ISABEL I (BLACK) (8mm/10mm);30000;1;;;;Sí;;;;;;;;;;;;;;;;;;
5909;fa7e6746ab;;;;;;;;;;;;;;;;;SHOOW TOOLS - SOFTLY BEAUTIFUL (1 PAIR);12000;1;850056827188;;;Sí;;;;;;;;;;;;;;;;;;
5908;9c80fe298a;15/03/2026 07:43:37;Archivada;Recibido;Entregado;ARS;36000;7200.00;8516.32;37316.32;Buenos Aires;Argentina;Envío Nube - Andreani a domicilio;Pago Nube;;15/03/2026;20/03/2026;SHOOW TOOLS - FOXY CAT EYE (10PAIRS);36000;1;850056827119;Móvil;1921684738;Sí;;;;No;;;458.09;;;;;36858.23;Transferencia o depósito;15/03/2026 07:45:05;;;18/03/2026 23:59:59;
5907;b124e138b2;14/03/2026 06:42:57;Archivada;Recibido;Entregado;ARS;30000;7500.00;0;22500;Capital Federal;Argentina;Beauty House;Efectivo (Billete);;16/03/2026;16/03/2026;SHOOW TOOLS - ISABEL I (BLACK) (MIXED (8/10/12/14mm));30000;1;;Móvil;1920978957;Sí;;;;No;;;;;;;;;Efectivo;;;;;
5906;b71d7876a1;13/03/2026 13:02:48;Archivada;Recibido;Enviado;ARS;36000;0.00;4500;40500;Capital Federal;Argentina;Siempre EXPRESS Servicio Premium. Te enviamos un WhatsApp el día anterior a tu entrega con un rango horario de solo 2 a 4hs para que no te quedes esperando todo el día. Ahorrá tiempo.;Mercado Pago;;13/03/2026;13/03/2026;SHOOW TOOLS - KIT DE RETOQUE;18000;2;850056827249;Móvil;1916290240;Sí;;;;No;;;;;;;;;Billetera virtual;;;;;
5905;2b5c34c534;13/03/2026 12:06:54;Archivada;Recibido;Entregado;ARS;129000.04;0.00;0;129000.04;Gran Buenos Aires;Argentina;MANDO A RETIRAR ;Pago Nube;;13/03/2026;13/03/2026;SHOOW TOOLS - MINI LIP CONTAINER (5 unid);18000.08;1;;Móvil;1920426357;Sí;;;;No;;;9421.64;3;12764.81;;;106813.59;Tarjeta de crédito;13/03/2026 12:06:58;;;;
5905;2b5c34c534;;;;;;;;;;;;;;;;;SHOOW TOOLS - MINI POWDER CONTAINER (5 PZ);18000.08;1;;;;Sí;;;;;;;;;;;;;;;;;;
5905;2b5c34c534;;;;;;;;;;;;;;;;;Italia deluxe - Delineadores de labios (rich red);10000;2;082353010530;;;Sí;;;;;;;;;;;;;;;;;;
5905;2b5c34c534;;;;;;;;;;;;;;;;;Italia deluxe - Delineadores de labios (hot red);10000;2;082353010479;;;Sí;;;;;;;;;;;;;;;;;;
5905;2b5c34c534;;;;;;;;;;;;;;;;;ITALIA DELUXE - LAPIZ DELINEADOR DE OJOS (black);7999.88;1;082353010011;;;Sí;;;;;;;;;;;;;;;;;;
5905;2b5c34c534;;;;;;;;;;;;;;;;;SHOOW TOOLS - The triangle powder puff duo;15000;3;;;;Sí;;;;;;;;;;;;;;;;;;
5904;d847993cc9;13/03/2026 08:06:03;Archivada;Recibido;Entregado;ARS;30000;0.00;8731;38731;Buenos Aires;Argentina;Envío Nube - Correo Argentino Clásico a domicilio;Pago Nube;;13/03/2026;19/03/2026;SHOOW TOOLS - TWIGGY (BLACK) (8mm/10mm);30000;1;;Móvil;1919508747;Sí;;;;No;;;2828.75;1;;;;35902.25;Tarjeta de crédito;13/03/2026 08:06:04;;;;
5903;1dcedbeb62;12/03/2026 17:16:53;Archivada;Recibido;Enviado;ARS;30000;6000.00;4500;28500;Capital Federal;Argentina;Siempre EXPRESS Servicio Premium. Te enviamos un WhatsApp el día anterior a tu entrega con un rango horario de solo 2 a 4hs para que no te quedes esperando todo el día. Ahorrá tiempo.;Pago Nube;;12/03/2026;13/03/2026;SHOOW TOOLS - TWIGGY (BLACK) (MIXED (8/10/12/14mm));30000;1;;Móvil;1919921661;Sí;;;;No;;;349.86;;;712.50;;27437.64;Transferencia o depósito;12/03/2026 17:18:18;;;15/03/2026 23:59:59;
5902;41c2c4d761;11/03/2026 21:24:59;Archivada;Recibido;Entregado;ARS;30000;6000.00;4897;28897;Capital Federal;Argentina;Punto de retiro;Pago Nube;;11/03/2026;26/03/2026;SHOOW TOOLS - TAYLOR (BLACK) (8mm/10mm);30000;1;;Móvil;1919333229;Sí;;;;No;;;354.73;;;722.42;;27819.85;Transferencia o depósito;11/03/2026 21:27:18;;;14/03/2026 23:59:59;
5901;ed988ccf8e;11/03/2026 07:31:32;Archivada;Recibido;Entregado;ARS;120000;30000.00;0;90000;Capital Federal;Argentina;Beauty House;Efectivo (Billete);;11/03/2026;11/03/2026;SHOOW TOOLS - TAYLOR (BLACK) (8mm/10mm);30000;2;;Web;1900614256;Sí;;;;No;;;;;;;;;Efectivo;;;;;
5901;ed988ccf8e;;;;;;;;;;;;;;;;;SHOOW TOOLS - TWIGGY (BLACK) (MIXED (8/10/12/14mm));30000;2;;;;Sí;;;;;;;;;;;;;;;;;;
5899;e680610a8c;09/03/2026 20:58:52;Archivada;Recibido;Entregado;ARS;90000;27000.00;8741.44;71741.44;Santa Fe;Argentina;Envío Nube - Andreani a domicilio;Pago Nube;;09/03/2026;27/03/2026;SHOOW TOOLS - SOFT & SHORT (1 PAIR);12000;1;850056827133;Móvil;1917732885;Sí;;;;No;;;880.69;;;;;70860.75;Transferencia o depósito;09/03/2026 20:59:42;;;12/03/2026 23:59:59;
5899;e680610a8c;;;;;;;;;;;;;;;;;SHOOW TOOLS - NATURAL SHOOW (1 PAIR);12000;1;850056827126;;;Sí;;;;;;;;;;;;;;;;;;
5899;e680610a8c;;;;;;;;;;;;;;;;;SHOOW TOOLS - FOXY #1 (10PAIRS);36000;1;850056827089;;;Sí;;;;;;;;;;;;;;;;;;
5899;e680610a8c;;;;;;;;;;;;;;;;;SHOOW TOOLS - ISABEL I (BLACK) (MIXED (8/10/12/14mm));30000;1;;;;Sí;;;;;;;;;;;;;;;;;;
5896;7a09dc4599;09/03/2026 13:31:23;Archivada;Recibido;Entregado;ARS;150000;45000.00;0;105000;Capital Federal;Argentina;Beauty House;Pago Nube;;09/03/2026;25/03/2026;pre venta Sephora favorites - Perfect Pout Makeup Lip Value Set;130000;1;;Web;1917400092;Sí;;;;No;;;;;;;;;Transferencia o depósito;09/03/2026 13:53:32;;;12/03/2026 23:59:59;
5896;7a09dc4599;;;;;;;;;;;;;;;;;Italia deluxe - Delineadores de labios (Hazelnut);10000;1;082353010646;;;Sí;;;;;;;;;;;;;;;;;;
5896;7a09dc4599;;;;;;;;;;;;;;;;;Italia deluxe - Delineadores de labios (Brown);10000;1;082353010400;;;Sí;;;;;;;;;;;;;;;;;;
5895;522a435fcd;09/03/2026 12:51:53;Archivada;Recibido;Entregado;ARS;30000;10500.00;0;19500;Capital Federal;Argentina;MANDO A RETIRAR ;Efectivo (Billete);;10/03/2026;10/03/2026;SHOOW TOOLS - ISABEL I (BLACK) (MIXED (8/10/12/14mm));30000;1;;Móvil;1917370793;Sí;;;;No;;;;;;;;;Efectivo;;;;;
5894;0a3292914d;09/03/2026 06:12:17;Archivada;Recibido;Entregado;ARS;88000;0.00;7557;95557;Gran Buenos Aires;Argentina;Envío Nube - Correo Argentino Clásico a domicilio;Mercado Pago;;09/03/2026;18/03/2026;"BH - PESTAÑAS ""MASTER MIX"" (20 PARES)";60000;1;2509876543210;Móvil;1917159018;Sí;;;;No;;;;;;;;;Billetera virtual;;;;;
5894;0a3292914d;;;;;;;;;;;;;;;;;(PRE VENTA ) - AOA STUDIO - PEGA DE PESTAÑAS LASH GLUE;18000;1;3D24A;;;Sí;;;;;;;;;;;;;;;;;;
5894;0a3292914d;;;;;;;;;;;;;;;;;Italia deluxe - Delineadores de labios (natural beige);10000;1;082353010523;;;Sí;;;;;;;;;;;;;;;;;;
5893;96c790eba6;08/03/2026 23:54:52;Archivada;Recibido;Entregado;ARS;27000;8100.00;9016.95;27916.95;Tierra del Fuego;Argentina;Envío Nube - Andreani a domicilio;Pago Nube;;08/03/2026;26/03/2026;(PRE VENTA) Schwarzkopf - GOT2B gel;27000;1;052336341456;Móvil;1917079766;Sí;;;;No;;;342.70;;;;;27574.25;Transferencia o depósito;08/03/2026 23:56:12;;;11/03/2026 23:59:59;
5892;de2f2cc779;08/03/2026 13:37:58;Archivada;Recibido;Entregado;ARS;38000;11400.00;8314.99;34914.99;Córdoba;Argentina;Envío Nube - Andreani a domicilio;Pago Nube;;08/03/2026;18/03/2026;SHOOW TOOLS - MANIQUI DE SILICONA PARA MAQUILLAJES (Grises);38000;1;888877776666;Móvil;1915864313;Sí;;;;No;;;428.61;;;;;34486.38;Transferencia o depósito;08/03/2026 13:59:00;;;11/03/2026 23:59:59;
5891;a0c03db092;08/03/2026 07:15:02;Archivada;Recibido;Enviado;ARS;90000;27000.00;4500;67500;Capital Federal;Argentina;Siempre EXPRESS Servicio Premium. Te enviamos un WhatsApp el día anterior a tu entrega con un rango horario de solo 2 a 4hs para que no te quedes esperando todo el día. Ahorrá tiempo.;Pago Nube;;08/03/2026;11/03/2026;SHOOW TOOLS - TAYLOR (BLACK) (MIXED (8/10/12/14mm));30000;1;;Móvil;1915208795;Sí;;;;No;;;828.63;;;1687.50;;64983.87;Transferencia o depósito;08/03/2026 07:17:38;;;11/03/2026 23:59:59;
5891;a0c03db092;;;;;;;;;;;;;;;;;SHOOW TOOLS - ISABEL I (BLACK) (MIXED (8/10/12/14mm));30000;1;;;;Sí;;;;;;;;;;;;;;;;;;
5891;a0c03db092;;;;;;;;;;;;;;;;;SHOOW TOOLS - CLARA BOW (BLACK);30000;1;;;;Sí;;;;;;;;;;;;;;;;;;
5889;1a9657d461;06/03/2026 18:02:38;Archivada;Recibido;Entregado;ARS;132000;19800.00;7286.59;119486.59;Chaco;Argentina;Punto de retiro;Pago Nube;AN15;06/03/2026;06/04/2026;SHOOW TOOLS - CLARA BOW (BLACK);30000;1;;Web;1915331465;Sí;;;;No;;;8726.82;3;11823.43;;;98936.34;Tarjeta de crédito;06/03/2026 18:02:40;;;;
5889;1a9657d461;;;;;;;;;;;;;;;;;SHOOW TOOLS - ISABEL I (CHOCOLATE) (8/8/10/12 mm);30000;1;;;;Sí;;;;;;;;;;;;;;;;;;
5889;1a9657d461;;;;;;;;;;;;;;;;;SHOOW TOOLS - FOXY CAT EYE (10PAIRS);36000;1;850056827119;;;Sí;;;;;;;;;;;;;;;;;;
5889;1a9657d461;;;;;;;;;;;;;;;;;SHOOW TOOLS - FOXY #1 (10PAIRS);36000;1;850056827089;;;Sí;;;;;;;;;;;;;;;;;;
5888;21c0a0acbe;06/03/2026 10:39:22;Archivada;Recibido;Entregado;ARS;76000;26600.00;0;49400;Capital Federal;Argentina;MANDO A RETIRAR ;Efectivo (Billete);;12/03/2026;12/03/2026;Italia deluxe - Delineadores de labios (Brown);10000;1;082353010400;Móvil;1915021392;Sí;;;;No;;;;;;;;;Efectivo;;;;;
5888;21c0a0acbe;;;;;;;;;;;;;;;;;SHOOW TOOLS - ISABEL I (BLACK) (8mm/10mm);30000;1;;;;Sí;;;;;;;;;;;;;;;;;;
5888;21c0a0acbe;;;;;;;;;;;;;;;;;SHOOW TOOLS - FOXY CAT EYE (10PAIRS);36000;1;850056827119;;;Sí;;;;;;;;;;;;;;;;;;
5887;010e4afc4d;05/03/2026 17:08:47;Archivada;Recibido;Entregado;ARS;60000;12000.00;0;48000;Capital Federal;Argentina;MANDO A RETIRAR ;Transferencia;;05/03/2026;06/03/2026;SHOOW TOOLS - Elizabeth Taylor (BLACK);24000;1;;Web;1914577476;Sí;;;;No;;;;;;;;;Transferencia o depósito;;;;;
5887;010e4afc4d;;;;;;;;;;;;;;;;;SHOOW TOOLS - FOXY CAT EYE (10PAIRS);36000;1;850056827119;;;Sí;;;;;;;;;;;;;;;;;;
5886;325119bd92;04/03/2026 20:54:35;Archivada;Recibido;Entregado;ARS;96000;0.00;0;96000;Capital Federal;Argentina;Beauty House;Mercado Pago;;04/03/2026;05/03/2026;SHOOW TOOLS - CLARA BOW (BLACK);24000;2;;Móvil;1913930896;Sí;;;;No;;;;2;;;;;Tarjeta de crédito;;;;;
5886;325119bd92;;;;;;;;;;;;;;;;;SHOOW TOOLS - ISABEL I (BLACK) (MIXED (8/10/12/14mm));24000;2;;;;Sí;;;;;;;;;;;;;;;;;;
5885;08bd7f8dc8;04/03/2026 18:28:12;Archivada;Recibido;Entregado;ARS;28800;0.00;0;28800;Buenos Aires;Argentina;MANDO A RETIRAR ;Mercado Pago;;04/03/2026;16/03/2026;SHOOW TOOLS - NATURAL SHOOW (10 PAIRS);28800;1;850056827003;Móvil;1913846985;Sí;;;;No;;;;;;;;;Billetera virtual;;;;;
5884;8d3c94f66c;04/03/2026 10:43:36;Archivada;Recibido;Entregado;ARS;142800.02;28560.00;5638.51;119878.53;Neuquén;Argentina;Punto de retiro;Transferencia;;04/03/2026;12/03/2026;SHOOW TOOLS - FOXY CAT EYE (10PAIRS);36000;2;850056827119;Web;1911249730;Sí;;;;No;;;;;;;;;Transferencia o depósito;;;;;
5884;8d3c94f66c;;;;;;;;;;;;;;;;;SHOOW TOOLS - SO CLASSY (10PAIRS);28800;1;850056827027;;;Sí;;;;;;;;;;;;;;;;;;
5884;8d3c94f66c;;;;;;;;;;;;;;;;;Cepillo para peinado - PULIR (NEGRO);15000.02;1;53131600;;;Sí;;;;;;;;;;;;;;;;;;
5884;8d3c94f66c;;;;;;;;;;;;;;;;;Schwarzkopf - GOT2B gel;27000;1;052336341456;;;Sí;;;;;;;;;;;;;;;;;;
5882;4deb896066;03/03/2026 19:23:18;Archivada;Recibido;Entregado;ARS;96000;19200.00;9576;86376;Buenos Aires;Argentina;Envío Nube - Correo Argentino Clásico a domicilio;Transferencia;;04/03/2026;10/03/2026;SHOOW TOOLS - ISABEL I (BLACK) (8mm/10mm);24000;4;;Móvil;1912796182;Sí;;;;No;;;;;;;;;Transferencia o depósito;;;;;
5881;9658c21781;03/03/2026 14:34:36;Archivada;Recibido;No está empaquetado;ARS;15000;3000.00;0;12000;Capital Federal;Argentina;Beauty House;Transferencia;;03/03/2026;;MOONSHINE POMPÓN - ILUMINADOR CORPORAL;15000;1;;Móvil;1912875429;Sí;;;;No;;;;;;;;;Transferencia o depósito;;;;;
5880;cde6bde978;02/03/2026 17:52:32;Archivada;Recibido;No está empaquetado;ARS;114000;22800.00;7500;98700;Gran Buenos Aires;Argentina;Siempre EXPRESS Servicio Premium. Te enviamos un WhatsApp el día anterior a tu entrega con un rango horario de solo 2 a 4hs para que no te quedes esperando todo el día. Ahorrá tiempo.;Efectivo (Billete);;03/03/2026;;RARE BEAUTY - SOFT PINCH LIQUID CONTOUR;90000;1;;Móvil;1900048311;Sí;;;;No;;;;;;;;;Efectivo;;;;;
5880;cde6bde978;;;;;;;;;;;;;;;;;SHOOW TOOLS - CLARA BOW (BLACK);24000;1;;;;Sí;;;;;;;;;;;;;;;;;;
5879;4201079cdb;02/03/2026 17:23:09;Archivada;Recibido;Entregado;ARS;393999.91;103279.98;7525;298244.93;La Pampa;Argentina;Punto de retiro;Transferencia;AN15;02/03/2026;12/03/2026;NYX - LIFT & SNATCH! BROW TINT PEN (Soft brown);51999.91;1;800897004514;Móvil;1898857374;Sí;;;;No;;;;;;;;;Transferencia o depósito;;;;;
5879;4201079cdb;;;;;;;;;;;;;;;;;Patrick ta - Major Glow Crème & Powder Light Reflecting Translucent Highlighter Duo (My Love );120000;1;843628140464;;;Sí;;;;;;;;;;;;;;;;;;
5879;4201079cdb;;;;;;;;;;;;;;;;;SHOOW TOOLS - NATURAL SHOOW (10 PAIRS);28800;1;850056827003;;;Sí;;;;;;;;;;;;;;;;;;
5879;4201079cdb;;;;;;;;;;;;;;;;;SHOOW TOOLS - FOXY CAT EYE (10PAIRS);36000;1;850056827119;;;Sí;;;;;;;;;;;;;;;;;;
5879;4201079cdb;;;;;;;;;;;;;;;;;SHOOW TOOLS - ISABEL I (BLACK) (MIXED (8/10/12/14mm));24000;1;;;;Sí;;;;;;;;;;;;;;;;;;
5879;4201079cdb;;;;;;;;;;;;;;;;;SHOOW TOOLS - TWIGGY (BLACK) (MIXED (8/10/12/14mm));24000;2;;;;Sí;;;;;;;;;;;;;;;;;;
5879;4201079cdb;;;;;;;;;;;;;;;;;SHOOW TOOLS - SOFT & SHORT (1 PAIR);9600;1;850056827133;;;Sí;;;;;;;;;;;;;;;;;;
5879;4201079cdb;;;;;;;;;;;;;;;;;SHOOW TOOLS - SO CLASSY (1 PAIR);9600;1;850056827140;;;Sí;;;;;;;;;;;;;;;;;;
5879;4201079cdb;;;;;;;;;;;;;;;;;SHOOW TOOLS - FOXY #1 (1 PAIR);12000;4;850056827201;;;Sí;;;;;;;;;;;;;;;;;;
5879;4201079cdb;;;;;;;;;;;;;;;;;AOA STUDIO - PEGA DE PESTAÑAS LASH GLUE;18000;1;3D24A;;;Sí;;;;;;;;;;;;;;;;;;
5878;384ee8b131;01/03/2026 11:40:24;Archivada;Recibido;Entregado;ARS;106399.88;0.00;6518.14;112918.02;Capital Federal;Argentina;Punto de retiro;Mercado Pago;;01/03/2026;16/03/2026;Italia deluxe - Delineadores de labios (Natural);10000;1;082353010332;Móvil;1911192107;Sí;;;;No;;;;1;;;;;Tarjeta de crédito;;;;;
5878;384ee8b131;;;;;;;;;;;;;;;;;SHOOW TOOLS - VOLUMINOSAS (10PAIRS);28800;1;850056827058;;;Sí;;;;;;;;;;;;;;;;;;
5878;384ee8b131;;;;;;;;;;;;;;;;;SHOOW TOOLS - ISABEL I (BLACK) (MIXED (8/10/12/14mm));24000;1;;;;Sí;;;;;;;;;;;;;;;;;;
5878;384ee8b131;;;;;;;;;;;;;;;;;SHOOW TOOLS - MANIQUI DE SILICONA PARA MAQUILLAJES (Grises);26000;1;888877776666;;;Sí;;;;;;;;;;;;;;;;;;
5878;384ee8b131;;;;;;;;;;;;;;;;;ITALIA DELUXE - LAPIZ DELINEADOR DE OJOS (White);7999.88;1;082353010042;;;Sí;;;;;;;;;;;;;;;;;;
5878;384ee8b131;;;;;;;;;;;;;;;;;SHOOW TOOLS - SO CLASSY (1 PAIR);9600;1;850056827140;;;Sí;;;;;;;;;;;;;;;;;;
5877;0312c9427f;27/02/2026 23:38:37;Archivada;Recibido;Entregado;ARS;93600;18720.00;8314.99;83194.99;Buenos Aires;Argentina;Envío Nube - Andreani a domicilio;Transferencia;;01/03/2026;09/03/2026;SHOOW TOOLS - FOXY CAT EYE (10PAIRS);36000;1;850056827119;Móvil;1910367648;Sí;;;;No;;;;;;;;;Transferencia o depósito;;;;;
5877;0312c9427f;;;;;;;;;;;;;;;;;SHOOW TOOLS - SO CLASSY (10PAIRS);28800;1;850056827027;;;Sí;;;;;;;;;;;;;;;;;;
5877;0312c9427f;;;;;;;;;;;;;;;;;SHOOW TOOLS - SHOOW YOU (10PAIRS);28800;1;850056827034;;;Sí;;;;;;;;;;;;;;;;;;
5875;e7c0bd6431;26/02/2026 15:02:42;Archivada;Recibido;Entregado;ARS;28800;5760.00;5087;28127;Capital Federal;Argentina;Punto de retiro;Transferencia;;26/02/2026;09/03/2026;SHOOW TOOLS - SO CLASSY (10PAIRS);28800;1;850056827027;Móvil;1909361857;Sí;;;;No;;;;;;;;;Transferencia o depósito;;;;;
5874;4a7f41f360;26/02/2026 12:08:44;Archivada;Recibido;Entregado;ARS;28800;5760.00;4897;27937;Gran Buenos Aires;Argentina;Punto de retiro;Transferencia;;26/02/2026;04/03/2026;SHOOW TOOLS - NATURAL SHOOW (10 PAIRS);28800;1;850056827003;Móvil;1905925998;Sí;;;;No;;;;;;;;;Transferencia o depósito;;;;;
5873;791bcbecf1;25/02/2026 07:33:55;Archivada;Recibido;Entregado;ARS;168000;25200.00;10055;152855;Córdoba;Argentina;Envío Nube - Correo Argentino Clásico a domicilio;Mercado Pago;AN15;25/02/2026;03/03/2026;SHOOW TOOLS - FOXY CAT EYE (10PAIRS);36000;2;850056827119;Móvil;1908377776;Sí;;;;No;;;;1;;;;;Tarjeta de crédito;;;;;
5873;791bcbecf1;;;;;;;;;;;;;;;;;SHOOW TOOLS - TAYLOR (BLACK) (MIXED (8/10/12/14mm));24000;2;;;;Sí;;;;;;;;;;;;;;;;;;
5873;791bcbecf1;;;;;;;;;;;;;;;;;SHOOW TOOLS - ISABEL I (BLACK) (MIXED (8/10/12/14mm));24000;2;;;;Sí;;;;;;;;;;;;;;;;;;
5872;c597d5e9c9;24/02/2026 16:02:00;Archivada;Recibido;Entregado;ARS;48000;9600.00;8935.2;47335.2;Córdoba;Argentina;Envío Nube - Andreani a domicilio;Transferencia;;25/02/2026;04/03/2026;SHOOW TOOLS - ISABEL I (BLACK) (MIXED (8/10/12/14mm));24000;1;;Web;1907987903;Sí;;;El cliente cambió de idea;No;;;;;;;;;Transferencia o depósito;;;;;
5872;c597d5e9c9;;;;;;;;;;;;;;;;;SHOOW TOOLS - TWIGGY (BLACK) (MIXED (8/10/12/14mm));24000;1;;;;Sí;;;;;;;;;;;;;;;;;;
5871;cde6bde978;24/02/2026 15:57:06;Archivada;Recibido;Enviado;ARS;156000;31200.00;0;124800;Gran Buenos Aires;Argentina;Siempre EXPRESS Servicio Premium. Te enviamos un WhatsApp el día anterior a tu entrega con un rango horario de solo 2 a 4hs para que no te quedes esperando todo el día. Ahorrá tiempo.;Transferencia;;24/02/2026;26/02/2026;SHOOW TOOLS - KIT DE RETOQUE;18000;2;850056827249;Web;1903884372;Sí;;;;No;;;;;;;;;Transferencia o depósito;;;;;
5871;cde6bde978;;;;;;;;;;;;;;;;;Patrick ta - Major Glow Crème & Powder Light Reflecting Translucent Highlighter Duo (My Love );120000;1;843628140464;;;Sí;;;;;;;;;;;;;;;;;;
5869;96f0ee7a9d;24/02/2026 12:13:54;Archivada;Recibido;Enviado;ARS;48000;0.00;4500;52500;Capital Federal;Argentina;Siempre EXPRESS Servicio Premium. Te enviamos un WhatsApp el día anterior a tu entrega con un rango horario de solo 2 a 4hs para que no te quedes esperando todo el día. Ahorrá tiempo.;Mercado Pago;;24/02/2026;25/02/2026;SHOOW TOOLS - ISABEL I (BLACK) (MIXED (8/10/12/14mm));24000;1;;Móvil;1907831257;Sí;;;;No;;;;1;;;;;Tarjeta de crédito;;;;;
5869;96f0ee7a9d;;;;;;;;;;;;;;;;;SHOOW TOOLS - TWIGGY (BLACK) (MIXED (8/10/12/14mm));24000;1;;;;Sí;;;;;;;;;;;;;;;;;;
5868;dd6c5c548e;23/02/2026 21:30:51;Archivada;Recibido;Entregado;ARS;86400;0.00;8314.99;94714.99;Entre Ríos;Argentina;Envío Nube - Andreani a domicilio;Pago Nube;;23/02/2026;04/03/2026;SHOOW TOOLS - SO CLASSY (10PAIRS);28800;1;850056827027;Móvil;1904515868;Sí;;;;No;;;6917.60;1;;;;87797.39;Tarjeta de crédito;23/02/2026 21:30:55;;;;
5868;dd6c5c548e;;;;;;;;;;;;;;;;;SHOOW TOOLS - SOFT & SHORT (10PAIRS);28800;1;850056827010;;;Sí;;;;;;;;;;;;;;;;;;
5868;dd6c5c548e;;;;;;;;;;;;;;;;;SHOOW TOOLS - SOFTLY BEAUTIFUL (10PAIRS);28800;1;850056827065;;;Sí;;;;;;;;;;;;;;;;;;
5867;cad1f77f7a;23/02/2026 13:57:37;Archivada;Recibido;Enviado;ARS;33600;0.00;7500;41100;Gran Buenos Aires;Argentina;Siempre EXPRESS Servicio Premium. Te enviamos un WhatsApp el día anterior a tu entrega con un rango horario de solo 2 a 4hs para que no te quedes esperando todo el día. Ahorrá tiempo.;Pago Nube;;23/02/2026;26/02/2026;SHOOW TOOLS - ISABEL I (BLACK) (MIXED (8/10/12/14mm));24000;1;;Web;1907165075;Sí;;;;No;;;3001.77;1;;;;38098.23;Tarjeta de crédito;23/02/2026 13:57:41;;;;
5867;cad1f77f7a;;;;;;;;;;;;;;;;;SHOOW TOOLS - SOFTLY BEAUTIFUL (1 PAIR);9600;1;850056827188;;;Sí;;;;;;;;;;;;;;;;;;
5866;d4f06ffbc1;23/02/2026 13:50:15;Archivada;Recibido;Entregado;ARS;81600;0.00;9230.59;90830.59;Corrientes;Argentina;Envío Nube - Andreani a domicilio;Mercado Pago;;23/02/2026;02/03/2026;SHOOW TOOLS - ISABEL I (BLACK) (MIXED (8/10/12/14mm));24000;1;;Móvil;1907160969;Sí;;;;No;;;;;;;;;Billetera virtual;;;;;
5866;d4f06ffbc1;;;;;;;;;;;;;;;;;SHOOW TOOLS - SO CLASSY (10PAIRS);28800;1;850056827027;;;Sí;;;;;;;;;;;;;;;;;;
5866;d4f06ffbc1;;;;;;;;;;;;;;;;;SHOOW TOOLS - NATURAL SHOOW (10 PAIRS);28800;1;850056827003;;;Sí;;;;;;;;;;;;;;;;;;
5865;a6f942b945;22/02/2026 17:33:26;Archivada;Recibido;Entregado;ARS;54000;8100.00;8314.99;54214.99;Santa Fe;Argentina;Envío Nube - Andreani a domicilio;Mercado Pago;AN15;22/02/2026;03/03/2026;SHOOW TOOLS - FOXY CAT EYE (10PAIRS);36000;1;850056827119;Móvil;1906603563;Sí;;;;No;;;;3;;;;;Tarjeta de crédito;;;;;
5865;a6f942b945;;;;;;;;;;;;;;;;;SHOOW TOOLS - The clippers quartette (hebillas) Hair clips;18000;1;;;;Sí;;;;;;;;;;;;;;;;;;
5864;762f88cc35;22/02/2026 02:01:45;Archivada;Recibido;Entregado;ARS;48000;0.00;0;48000;Gran Buenos Aires;Argentina;Beauty House;Pago Nube;;22/02/2026;04/03/2026;SHOOW TOOLS - TAYLOR (BLACK) (8mm/10mm);24000;1;;Móvil;1906236805;Sí;;;;No;;;3505.72;1;;;;44494.28;Tarjeta de crédito;22/02/2026 02:01:48;;;;
5864;762f88cc35;;;;;;;;;;;;;;;;;SHOOW TOOLS - CLARA BOW (BLACK);24000;1;;;;Sí;;;;;;;;;;;;;;;;;;
5863;96f7d935d8;21/02/2026 12:28:27;Archivada;Recibido;Entregado;ARS;56000.28;11200.06;8967.9;53768.12;Neuquén;Argentina;Envío Nube - Andreani a domicilio;Pago Nube;;21/02/2026;02/03/2026;SHOOW TOOLS - MINI LIP CONTAINER (5 unid);18000.08;2;;Móvil;1904668665;Sí;;;;No;;;660.05;;;;;53108.07;Transferencia o depósito;21/02/2026 12:30:04;;;24/02/2026 23:59:59;
5863;96f7d935d8;;;;;;;;;;;;;;;;;MUÑEQUERA MAGNETICA PARA HORQUILLAS;20000.12;1;27R934V0024423860;;;Sí;;;;;;;;;;;;;;;;;;
5862;501030132d;21/02/2026 10:27:35;Archivada;Recibido;Entregado;ARS;114800;0.00;0;114800;Capital Federal;Argentina;Beauty House;Pago Nube;;21/02/2026;24/02/2026;SHOOW TOOLS - ISABEL I (BLACK) (MIXED (8/10/12/14mm));24000;1;;Móvil;1905720225;Sí;;;;No;;;8384.53;1;;2870.00;;103545.47;Tarjeta de crédito;21/02/2026 10:27:39;;;;
5862;501030132d;;;;;;;;;;;;;;;;;SHOOW TOOLS - FOXY CAT EYE (10PAIRS);36000;1;850056827119;;;Sí;;;;;;;;;;;;;;;;;;
5862;501030132d;;;;;;;;;;;;;;;;;SHOOW TOOLS - SO CLASSY (10PAIRS);28800;1;850056827027;;;Sí;;;;;;;;;;;;;;;;;;
5862;501030132d;;;;;;;;;;;;;;;;;SHOOW TOOLS - MANIQUI DE SILICONA PARA MAQUILLAJES (Grises);26000;1;888877776666;;;Sí;;;;;;;;;;;;;;;;;;
5861;2b5a5f8f98;20/02/2026 13:24:14;Cancelada;Recibido;No está empaquetado;ARS;231500;74080.00;0;157420;Capital Federal;Argentina;Punto de retiro;Pago Nube;LASH15;20/02/2026;;SHOOWTOOLS - LASHDAY PROMO;231500;1;;Móvil;1905176584;Sí;;20/02/2026 13:25:16;El cliente cambió de idea;No;;;;;;;;;Transferencia o depósito;20/02/2026 13:24:33;;;23/02/2026 23:59:59;
5860;55a4f5da92;20/02/2026 00:45:09;Archivada;Recibido;Enviado;ARS;9749.91;0.00;4500;14249.91;Capital Federal;Argentina;Siempre EXPRESS Servicio Premium. Te enviamos un WhatsApp el día anterior a tu entrega con un rango horario de solo 2 a 4hs para que no te quedes esperando todo el día. Ahorrá tiempo.;Mercado Pago;;20/02/2026;22/02/2026;AOA STUDIO - LAPIZ DE CEJAS (CARAMEL);9749.91;1;100000085219;Móvil;1904901770;Sí;;;;No;;;;;;;;;Billetera virtual;;;;;
5859;313204efa9;19/02/2026 23:23:57;Archivada;Recibido;Entregado;ARS;27999.88;5599.98;8731;31130.9;Buenos Aires;Argentina;Envío Nube - Correo Argentino Clásico a domicilio;Pago Nube;;19/02/2026;25/02/2026;Italia deluxe - Delineadores de labios (Hazelnut);10000;1;082353010646;Móvil;1904847517;Sí;;;;No;;;382.16;;;;;30748.74;Transferencia o depósito;19/02/2026 23:33:51;;;22/02/2026 23:59:59;
5859;313204efa9;;;;;;;;;;;;;;;;;Italia deluxe - Delineadores de labios (natural beige);10000;1;082353010523;;;Sí;;;;;;;;;;;;;;;;;;
5859;313204efa9;;;;;;;;;;;;;;;;;ITALIA DELUXE - LAPIZ DELINEADOR DE OJOS (black);7999.88;1;082353010011;;;Sí;;;;;;;;;;;;;;;;;;
5858;5c145d3ce0;19/02/2026 22:41:03;Archivada;Recibido;Entregado;ARS;231500;34725.00;9230.59;206005.59;Formosa;Argentina;Envío Nube - Andreani a domicilio;Pago Nube;LASH15;19/02/2026;03/03/2026;SHOOWTOOLS - LASHDAY PROMO;231500;1;;Móvil;1904813795;Sí;;;;No;;;15045.82;3;20384.66;;;170575.11;Tarjeta de crédito;19/02/2026 22:41:07;;;;
5857;5f1633b930;19/02/2026 20:57:02;Archivada;Recibido;Enviado;ARS;24000;0.00;4500;28500;Capital Federal;Argentina;Siempre EXPRESS Servicio Premium. Te enviamos un WhatsApp el día anterior a tu entrega con un rango horario de solo 2 a 4hs para que no te quedes esperando todo el día. Ahorrá tiempo.;Pago Nube;;19/02/2026;22/02/2026;SHOOW TOOLS - TAYLOR (BLACK) (MIXED (8/10/12/14mm));24000;1;;Móvil;1904751815;Sí;;;;No;;;2081.52;1;;712.50;;25705.98;Tarjeta de crédito;19/02/2026 20:57:09;;;;
5855;12988d2419;18/02/2026 23:35:07;Archivada;Recibido;Enviado;ARS;15500.03;3100.01;5638.51;18038.53;Tucumán;Argentina;Punto de retiro;Pago Nube;;18/02/2026;20/02/2026;NYX COSMETICS - LIP LINER (ESPRESSO) PREVENTA;15500.03;1;;Móvil;1904147172;Sí;;;;No;;;221.44;;;;;17817.09;Transferencia o depósito;18/02/2026 23:35:52;;;21/02/2026 23:59:59;
5854;30fe5f8f18;18/02/2026 18:33:29;Archivada;Recibido;Entregado;ARS;105600;15840.00;0;89760;Santa Fe;Argentina;Punto de retiro;Pago Nube;AN15;18/02/2026;12/03/2026;SHOOW TOOLS - SO CLASSY (10PAIRS);28800;1;850056827027;Móvil;1903608423;Sí;;;;No;;;6555.71;3;8881.93;;;74322.36;Tarjeta de crédito;18/02/2026 18:33:33;;;;
5854;30fe5f8f18;;;;;;;;;;;;;;;;;SHOOW TOOLS - FOXY CAT EYE (10PAIRS);28800;1;850056827119;;;Sí;;;;;;;;;;;;;;;;;;
5854;30fe5f8f18;;;;;;;;;;;;;;;;;SHOOW TOOLS - TWIGGY (BLACK) (MIXED (8/10/12/14mm));24000;1;;;;Sí;;;;;;;;;;;;;;;;;;
5854;30fe5f8f18;;;;;;;;;;;;;;;;;SHOOW TOOLS - ISABEL I (BLACK) (MIXED (8/10/12/14mm));24000;1;;;;Sí;;;;;;;;;;;;;;;;;;
5853;9afcc277be;18/02/2026 16:21:22;Archivada;Recibido;Enviado;ARS;44000.12;8800.02;10000;45200.1;Buenos Aires;Argentina;Siempre EXPRESS Servicio Premium. Te enviamos un WhatsApp el día anterior a tu entrega con un rango horario de solo 2 a 4hs para que no te quedes esperando todo el día. Ahorrá tiempo.;Pago Nube;;18/02/2026;19/02/2026;SHOOW TOOLS - CLARA BOW (BLACK);24000;1;;Web;1903867793;Sí;;;;No;;;;;;;;;Transferencia o depósito;18/02/2026 16:21:28;;;21/02/2026 23:59:59;
5853;9afcc277be;;;;;;;;;;;;;;;;;MUÑEQUERA MAGNETICA PARA HORQUILLAS;20000.12;1;27R934V0024423860;;;Sí;;;;;;;;;;;;;;;;;;
5852;f51e21c34d;17/02/2026 17:11:30;Archivada;Recibido;Entregado;ARS;48000;9600.00;8935.2;47335.2;Córdoba;Argentina;Envío Nube - Andreani a domicilio;Pago Nube;;17/02/2026;02/03/2026;SHOOW TOOLS - TAYLOR (BLACK) (8mm/10mm);24000;1;;Móvil;1903222017;Sí;;;;No;;;581.08;;;;;46754.12;Transferencia o depósito;17/02/2026 17:15:02;;;20/02/2026 23:59:59;
5852;f51e21c34d;;;;;;;;;;;;;;;;;SHOOW TOOLS - TWIGGY (BLACK) (8mm/10mm);24000;1;;;;Sí;;;;;;;;;;;;;;;;;;
5851;5b2536f286;17/02/2026 09:36:45;Archivada;Recibido;Enviado;ARS;24000;4800.00;4500;23700;Capital Federal;Argentina;Siempre EXPRESS Servicio Premium. Te enviamos un WhatsApp el día anterior a tu entrega con un rango horario de solo 2 a 4hs para que no te quedes esperando todo el día. Ahorrá tiempo.;Pago Nube;;17/02/2026;19/02/2026;SHOOW TOOLS - ISABEL I (BLACK) (8mm/10mm);24000;1;;Móvil;1902805822;Sí;;;;No;;;290.94;;;592.50;;22816.56;Transferencia o depósito;17/02/2026 09:37:19;;;20/02/2026 23:59:59;
5850;480ce218c9;17/02/2026 01:00:05;Archivada;Recibido;Enviado;ARS;24000;4800.00;4500;23700;Capital Federal;Argentina;Siempre EXPRESS Servicio Premium. Te enviamos un WhatsApp el día anterior a tu entrega con un rango horario de solo 2 a 4hs para que no te quedes esperando todo el día. Ahorrá tiempo.;Pago Nube;;17/02/2026;19/02/2026;SHOOW TOOLS - TAYLOR (BLACK) (MIXED (8/10/12/14mm));24000;1;;Móvil;1902829862;Sí;;;;No;;;290.94;;;592.50;;22816.56;Transferencia o depósito;17/02/2026 01:01:13;;;20/02/2026 23:59:59;
5849;c68683a7f5;17/02/2026 00:35:58;Archivada;Recibido;Enviado;ARS;96000;19200.00;4500;81300;Capital Federal;Argentina;Siempre EXPRESS Servicio Premium. Te enviamos un WhatsApp el día anterior a tu entrega con un rango horario de solo 2 a 4hs para que no te quedes esperando todo el día. Ahorrá tiempo.;Pago Nube;;17/02/2026;19/02/2026;SHOOW TOOLS - TAYLOR (BLACK) (8mm/10mm);24000;4;;Móvil;1902821054;Sí;;;;No;;;998.03;;;2032.50;;78269.47;Transferencia o depósito;17/02/2026 00:37:06;;;20/02/2026 23:59:59;
5848;47cccf3825;17/02/2026 00:18:35;Archivada;Recibido;Entregado;ARS;50640.13;0.00;4897;55537.13;Gran Buenos Aires;Argentina;Punto de retiro;Pago Nube;;17/02/2026;24/02/2026;CATRICE COSMETICS - 3 STEPS TO CONTOUR PALETTE;40640.13;1;4059729222893;Web;1902811492;Sí;;;;No;;;4056.20;3;5495.51;;;45985.42;Tarjeta de crédito;17/02/2026 00:18:37;;;;
5848;47cccf3825;;;;;;;;;;;;;;;;;Italia deluxe - Delineadores de labios (Hazelnut);10000;1;082353010646;;;Sí;;;;;;;;;;;;;;;;;;
5847;6a2c74e87f;15/02/2026 10:13:20;Archivada;Recibido;Entregado;ARS;300000;60000.00;11163;251163;Gran Buenos Aires;Argentina;Envío Nube - Correo Argentino Clásico a domicilio;Pago Nube;;15/02/2026;21/02/2026;SHOOW TOOLS - TAYLOR (BLACK) (8mm/10mm);30000;3;;Móvil;1901661325;Sí;;;;No;;;18343.94;3;24853.08;;;207965.98;Tarjeta de crédito;15/02/2026 10:13:25;;;;
5847;6a2c74e87f;;;;;;;;;;;;;;;;;SHOOW TOOLS - TAYLOR (BLACK) (MIXED (8/10/12/14mm));30000;3;;;;Sí;;;;;;;;;;;;;;;;;;
5847;6a2c74e87f;;;;;;;;;;;;;;;;;SHOOW TOOLS - CLARA BOW (BLACK);30000;2;;;;Sí;;;;;;;;;;;;;;;;;;
5847;6a2c74e87f;;;;;;;;;;;;;;;;;SHOOW TOOLS - Elizabeth Taylor (BLACK);30000;2;;;;Sí;;;;;;;;;;;;;;;;;;
5846;2c67b3beb3;15/02/2026 09:37:00;Archivada;Recibido;Entregado;ARS;24000;2400.00;8314.99;29914.99;Buenos Aires;Argentina;Envío Nube - Andreani a domicilio;Mercado Pago;;15/02/2026;25/02/2026;SHOOW TOOLS - FOXY #3 (1 PAIR);12000;2;850056827225;Móvil;1901538113;Sí;;;;No;;;;1;;;;;Tarjeta de crédito;;;;;
5845;6fefd5763c;13/02/2026 17:28:49;Archivada;Recibido;Entregado;ARS;138359.5;38740.66;0;99618.84;Capital Federal;Argentina;Beauty House;Pago Nube;LOVE;16/02/2026;16/02/2026;ITALIA DELUXE - LAPIZ DELINEADOR DE OJOS (Bright pink);7999.88;1;082353010073;Web;1900769947;Sí;;;;No;;;;;;;;;Transferencia o depósito;16/02/2026 09:04:48;;;16/02/2026 23:59:59;
5845;6fefd5763c;;;;;;;;;;;;;;;;;ITALIA DELUXE - LAPIZ DELINEADOR DE OJOS (White);7999.88;1;082353010042;;;Sí;;;;;;;;;;;;;;;;;;
5845;6fefd5763c;;;;;;;;;;;;;;;;;ITALIA DELUXE - LAPIZ DELINEADOR DE OJOS (Neon green);7999.88;1;082353010080;;;Sí;;;;;;;;;;;;;;;;;;
5845;6fefd5763c;;;;;;;;;;;;;;;;;ITALIA DELUXE - LAPIZ DELINEADOR DE OJOS (Vivid purple);7999.88;1;082353010226;;;Sí;;;;;;;;;;;;;;;;;;
5845;6fefd5763c;;;;;;;;;;;;;;;;;AOA STUDIO - DELINEADOR LIQUIDO (cool blast);15000;1;100000116623;;;Sí;;;;;;;;;;;;;;;;;;
5845;6fefd5763c;;;;;;;;;;;;;;;;;GC - Spectra lash mascara (Rose red);45679.99;1;5056619006495;;;Sí;;;;;;;;;;;;;;;;;;
5845;6fefd5763c;;;;;;;;;;;;;;;;;GC - Spectra lash mascara (white);45679.99;1;5056619006518;;;Sí;;;;;;;;;;;;;;;;;;
5844;fded2038a0;13/02/2026 16:22:14;Archivada;Recibido;Entregado;ARS;45099.97;9019.99;0;36079.98;Capital Federal;Argentina;Beauty House;Pago Nube;;16/02/2026;16/02/2026;Italia deluxe - Delineadores de labios (natural beige);10000;1;082353010523;Web;1900726209;Sí;;;;No;;;;;;;;;Transferencia o depósito;16/02/2026 09:04:51;;;16/02/2026 23:59:59;
5844;fded2038a0;;;;;;;;;;;;;;;;;Ulta beauty - HD setting powder;35099.97;1;717897075850;;;Sí;;;;;;;;;;;;;;;;;;
5843;bdfdd30880;13/02/2026 15:58:14;Archivada;Recibido;Enviado;ARS;36000;0.00;4500;40500;Capital Federal;Argentina;Siempre EXPRESS Servicio Premium. Te enviamos un WhatsApp el día anterior a tu entrega con un rango horario de solo 2 a 4hs para que no te quedes esperando todo el día. Ahorrá tiempo.;Mercado Pago;;13/02/2026;19/02/2026;SHOOW TOOLS - SOFT & SHORT (10PAIRS);36000;1;850056827010;Móvil;1900717188;Sí;;;;No;;;;1;;;;;Tarjeta de crédito;;;;;
5842;4248862374;12/02/2026 17:05:22;Archivada;Recibido;Enviado;ARS;36000;10080.00;4500;30420;Capital Federal;Argentina;Siempre EXPRESS Servicio Premium. Te enviamos un WhatsApp el día anterior a tu entrega con un rango horario de solo 2 a 4hs para que no te quedes esperando todo el día. Ahorrá tiempo.;Pago Nube;VIP;12/02/2026;12/02/2026;SHOOW TOOLS - FOXY #3 (10PAIRS);36000;1;850056827102;Web;1900051238;Sí;;;;No;;;;;;;;;Transferencia o depósito;12/02/2026 17:14:07;;;15/02/2026 23:59:59;
5841;cde6bde978;12/02/2026 16:55:20;Archivada;Recibido;Enviado;ARS;36000;7200.00;7500;36300;Gran Buenos Aires;Argentina;Siempre EXPRESS Servicio Premium. Te enviamos un WhatsApp el día anterior a tu entrega con un rango horario de solo 2 a 4hs para que no te quedes esperando todo el día. Ahorrá tiempo.;Efectivo (Billete);;12/02/2026;12/02/2026;AOA STUDIO - PEGA DE PESTAÑAS LASH GLUE;18000;2;3D24A;Móvil;1884271719;Sí;;;;No;;;;;;;;;Efectivo;;;;;
5839;f200b88176;12/02/2026 14:44:35;Archivada;Recibido;Entregado;ARS;69999.99;0.00;0;69999.99;Gran Buenos Aires;Argentina;MANDO A RETIRAR ;Pago Nube;;12/02/2026;12/02/2026;LYS COSMETICS - Higher Standard Cream Glow Blush Sticks (ELITE (MAUVE));69999.99;1;;Web;1899931913;Sí;;;;No;;;5112.52;3;6926.63;;;57960.84;Tarjeta de crédito;12/02/2026 14:44:36;;;;
5838;9444a8b265;11/02/2026 12:09:58;Archivada;Recibido;Entregado;ARS;142259.99;45664.80;0;96595.19;Capital Federal;Argentina;Beauty House;Pago Nube;LOVE;11/02/2026;11/02/2026;SHOOW TOOLS - ISABEL I (BLACK) (8mm/10mm);30000;1;;Web;1897657665;Sí;;;;No;;;;;;;;;Transferencia o depósito;11/02/2026 12:17:18;;;14/02/2026 23:59:59;
5838;9444a8b265;;;;;;;;;;;;;;;;;SHOOW TOOLS - SO CLASSY (10PAIRS);36000;1;850056827027;;;Sí;;;;;;;;;;;;;;;;;;
5838;9444a8b265;;;;;;;;;;;;;;;;;Ligas coloridas para cabello - 500 piezas;13259.99;1;56789012345;;;Sí;;;;;;;;;;;;;;;;;;
5838;9444a8b265;;;;;;;;;;;;;;;;;AOA STUDIO - PEGA DE PESTAÑAS LASH GLUE;18000;1;3D24A;;;Sí;;;;;;;;;;;;;;;;;;
5838;9444a8b265;;;;;;;;;;;;;;;;;SHOOW TOOLS - The triangle powder puff duo;15000;1;;;;Sí;;;;;;;;;;;;;;;;;;
5838;9444a8b265;;;;;;;;;;;;;;;;;Schwarzkopf - GOT2B gel;30000;1;052336341456;;;Sí;;;;;;;;;;;;;;;;;;
5837;2ea1641d3e;11/02/2026 11:20:53;Archivada;Recibido;Entregado;ARS;19499.82;0.00;5687.56;25187.38;Buenos Aires;Argentina;Punto de retiro;Pago Nube;;11/02/2026;27/02/2026;CINTA ADHESIVA CON BRILLOS - (1 ROLLO) PLATA (Modelo 1);9749.91;2;2109876543210;Web;1899035709;Sí;;;;No;;;1839.58;1;;;;23347.80;Tarjeta de crédito;11/02/2026 11:20:56;;;;
5834;685a9313f5;09/02/2026 20:07:45;Archivada;Recibido;Entregado;ARS;48000.08;13440.02;12250;46810.06;Entre Ríos;Argentina;Envío Nube - Correo Argentino Expreso a domicilio;Pago Nube;;09/02/2026;18/02/2026;SHOOW TOOLS - TAYLOR (BLACK) (MIXED (8/10/12/14mm));30000;1;;Móvil;1897873433;Sí;;;;No;;;574.64;;;;;46235.42;Transferencia o depósito;09/02/2026 20:10:29;;;12/02/2026 23:59:59;
5834;685a9313f5;;;;;;;;;;;;;;;;;SHOOW TOOLS - MINI LIP CONTAINER (5 unid);18000.08;1;;;;Sí;;;;;;;;;;;;;;;;;;
5833;065c8a4819;09/02/2026 02:15:49;Archivada;Recibido;Entregado;ARS;74000;19120.00;0;54880;Capital Federal;Argentina;Beauty House;Pago Nube;;10/02/2026;10/02/2026;SHOOW TOOLS - VOLUMINOSAS (10PAIRS);18000;1;850056827058;Móvil;1897323876;Sí;;;;No;;;;;;;;;Transferencia o depósito;10/02/2026 16:09:23;;;12/02/2026 23:59:59;
5833;065c8a4819;;;;;;;;;;;;;;;;;SHOOW TOOLS - SO CLASSY (10PAIRS);36000;1;850056827027;;;Sí;;;;;;;;;;;;;;;;;;
5833;065c8a4819;;;;;;;;;;;;;;;;;Italia deluxe - Delineadores de labios (Hazelnut);10000;1;082353010646;;;Sí;;;;;;;;;;;;;;;;;;
5833;065c8a4819;;;;;;;;;;;;;;;;;Italia deluxe - Delineadores de labios (Brown);10000;1;082353010400;;;Sí;;;;;;;;;;;;;;;;;;
5832;2f730febde;09/02/2026 00:06:22;Archivada;Recibido;Entregado;ARS;174049.95;48345.99;0;125703.96;Gran Buenos Aires;Argentina;Punto de retiro;Pago Nube;AN15;09/02/2026;12/02/2026;SHOOW TOOLS - SO CLASSY (10PAIRS);36000;1;850056827027;Móvil;1897271082;Sí;;;;No;;;1543.14;;;;;124160.82;Transferencia o depósito;09/02/2026 00:07:23;;;12/02/2026 23:59:59;
5832;2f730febde;;;;;;;;;;;;;;;;;SHOOW TOOLS - FOXY CAT EYE (10PAIRS);36000;1;850056827119;;;Sí;;;;;;;;;;;;;;;;;;
5832;2f730febde;;;;;;;;;;;;;;;;;NYX - TAME & FRAME BROW POMADE (Brunette);37049.95;1;800897836672;;;Sí;;;;;;;;;;;;;;;;;;
5832;2f730febde;;;;;;;;;;;;;;;;;KIKO MILANO - 3D hydra lip gloss (35);65000;1;;;;Sí;;;;;;;;;;;;;;;;;;
5831;bdfdd30880;08/02/2026 18:42:21;Archivada;Recibido;Enviado;ARS;36000;0.00;4897;40897;Capital Federal;Argentina;Punto de retiro;Mercado Pago;;08/02/2026;09/02/2026;SHOOW TOOLS - SOFT & SHORT (10PAIRS);36000;1;850056827010;Móvil;1897046245;Sí;;;;No;;;;1;;;;;Tarjeta de crédito;;;;;
5830;c1857e04ce;07/02/2026 22:54:30;Archivada;Recibido;Entregado;ARS;10000;2500.00;0;7500;Gran Buenos Aires;Argentina;Beauty House;Efectivo (Billete);;09/02/2026;09/02/2026;Italia deluxe - Delineadores de labios (Hazelnut);10000;1;082353010646;Móvil;1877742132;Sí;;;;No;;;;;;;;;Efectivo;;;;;
5829;dbd683b0d3;07/02/2026 19:54:57;Archivada;Recibido;Enviado;ARS;72000;7200.00;7500;72300;Gran Buenos Aires;Argentina;Siempre EXPRESS Servicio Premium. Te enviamos un WhatsApp el día anterior a tu entrega con un rango horario de solo 2 a 4hs para que no te quedes esperando todo el día. Ahorrá tiempo.;Pago Nube;;07/02/2026;12/02/2026;SHOOW TOOLS - FOXY #1 (10PAIRS);36000;1;850056827089;Móvil;1896415971;Sí;;;;No;;;5280.50;3;6302.53;;;60716.97;Tarjeta de crédito;07/02/2026 19:54:58;;;;
5829;dbd683b0d3;;;;;;;;;;;;;;;;;SHOOW TOOLS - FOXY #3 (10PAIRS);36000;1;850056827102;;;Sí;;;;;;;;;;;;;;;;;;
5828;f57e85ef12;06/02/2026 11:21:36;Archivada;Recibido;Enviado;ARS;48000;13440.00;4500;39060;Capital Federal;Argentina;Siempre EXPRESS Servicio Premium. Te enviamos un WhatsApp el día anterior a tu entrega con un rango horario de solo 2 a 4hs para que no te quedes esperando todo el día. Ahorrá tiempo.;Pago Nube;;06/02/2026;12/02/2026;SHOOW TOOLS - CLARA BOW (BLACK);30000;1;;Móvil;1895310338;Sí;;;;No;;;479.50;;;976.50;;37604.00;Transferencia o depósito;06/02/2026 11:24:23;;;09/02/2026 23:59:59;
5828;f57e85ef12;;;;;;;;;;;;;;;;;SHOOW TOOLS - The clippers quartette (hebillas) Hair clips;18000;1;;;;Sí;;;;;;;;;;;;;;;;;;
5825;0570a9338b;05/02/2026 14:43:10;Archivada;Recibido;Entregado;ARS;94000;6600.00;0;87400;Capital Federal;Argentina;Beauty House;Pago Nube;;05/02/2026;05/02/2026;SHOOW TOOLS - FOXY CAT EYE (10PAIRS);36000;1;850056827119;Web;1888431649;Sí;;;;No;;;6383.34;1;;;;81016.66;Tarjeta de crédito;05/02/2026 14:43:12;;;;
5825;0570a9338b;;;;;;;;;;;;;;;;;AOA STUDIO - PEGA DE PESTAÑAS LASH GLUE;18000;1;3D24A;;;Sí;;;;;;;;;;;;;;;;;;
5825;0570a9338b;;;;;;;;;;;;;;;;;SHOOW TOOLS - ISABEL I (BLACK) (8mm/10mm);30000;1;;;;Sí;;;;;;;;;;;;;;;;;;
5825;0570a9338b;;;;;;;;;;;;;;;;;Italia deluxe - Delineadores de labios (Brown);10000;1;082353010400;;;Sí;;;;;;;;;;;;;;;;;;
5824;6964301f29;04/02/2026 10:41:18;Archivada;Recibido;Entregado;ARS;36000;7200.00;8731;37531;Entre Ríos;Argentina;Envío Nube - Correo Argentino Clásico a domicilio;Pago Nube;;04/02/2026;10/02/2026;SHOOW TOOLS - FOXY CAT EYE (10PAIRS);36000;1;850056827119;Móvil;1893143201;Sí;;;;No;;;460.73;;;;;37070.27;Transferencia o depósito;04/02/2026 10:42:39;;;07/02/2026 23:59:59;
5823;32300cf847;04/02/2026 03:04:29;Archivada;Recibido;Entregado;ARS;163000;32600.00;9329;139729;La Pampa;Argentina;Envío Nube - Correo Argentino Clásico a domicilio;Pago Nube;;04/02/2026;10/02/2026;SHOOW TOOLS - DEPOT ESSENTIAL KIT (4PZ);18000;1;850056827256;Móvil;1893607999;Sí;;;;No;;;1715.31;;;;;138013.69;Transferencia o depósito;04/02/2026 03:08:05;;;07/02/2026 23:59:59;
5823;32300cf847;;;;;;;;;;;;;;;;;MAKE UP FOR EVER - MINI ARTIST COLOR PENCIL LIPLINER SET;145000;1;;;;Sí;;;;;;;;;;;;;;;;;;
5822;025fcd5d18;03/02/2026 19:34:01;Archivada;Recibido;Entregado;ARS;30000;6000.00;4897;28897;Gran Buenos Aires;Argentina;Punto de retiro;Pago Nube;;03/02/2026;12/02/2026;SHOOW TOOLS - ISABEL I (CHOCOLATE) (8/8/10/12 mm);30000;1;;Móvil;1893370947;Sí;;;;No;;;354.73;;;;;28542.27;Transferencia o depósito;03/02/2026 19:36:11;;;06/02/2026 23:59:59;
5821;b43b54a58d;31/01/2026 19:49:44;Archivada;Recibido;Entregado;ARS;61200;0.00;11602;72802;Córdoba;Argentina;Envío Nube - Correo Argentino Expreso a domicilio;Mercado Pago;;31/01/2026;06/02/2026;SHOOW TOOLS - SO CLASSY (10PAIRS);25200;1;850056827027;Móvil;1891206246;Sí;;;;No;;;;;;;;;Billetera virtual;;;;;
5821;b43b54a58d;;;;;;;;;;;;;;;;;SHOOW TOOLS - TWIGGY (BLACK) (MIXED (8/10/12/14mm));21000;1;;;;Sí;;;;;;;;;;;;;;;;;;
5821;b43b54a58d;;;;;;;;;;;;;;;;;SHOOW TOOLS - The triangle powder puff duo;15000;1;;;;Sí;;;;;;;;;;;;;;;;;;
5820;58373c4093;31/01/2026 14:52:45;Archivada;Recibido;Entregado;ARS;63000;0.00;0;63000;Gran Buenos Aires;Argentina;Beauty House;Pago Nube;;31/01/2026;12/02/2026;SHOOW TOOLS - TWIGGY (BLACK) (MIXED (8/10/12/14mm));21000;2;;Web;1891033317;Sí;;;;No;;;4601.27;;4710.63;;;53688.10;Billetera virtual;31/01/2026 14:53:09;;;31/01/2026 15:02:44;
5820;58373c4093;;;;;;;;;;;;;;;;;SHOOW TOOLS - TWIGGY (BLACK) (8mm/10mm);21000;1;;;;Sí;;;;;;;;;;;;;;;;;;
5818;ff0102ba2d;31/01/2026 06:57:50;Archivada;Recibido;Entregado;ARS;51000;0.00;7185;58185;Gran Buenos Aires;Argentina;Envío Nube - Correo Argentino Clásico a domicilio;Pago Nube;;31/01/2026;04/02/2026;AOA STUDIO - PEGA DE PESTAÑAS LASH GLUE;18000;2;3D24A;Móvil;1890470374;Sí;;;;No;;;4249.60;3;4350.60;;;49584.80;Tarjeta de crédito;31/01/2026 06:57:52;;;;
5818;ff0102ba2d;;;;;;;;;;;;;;;;;MOONSHINE POMPÓN - ILUMINADOR CORPORAL;15000;1;;;;Sí;;;;;;;;;;;;;;;;;;
5817;152608bc16;29/01/2026 21:48:49;Archivada;Recibido;Enviado;ARS;42000;0.00;4500;46500;Capital Federal;Argentina;Siempre EXPRESS Servicio Premium. Te enviamos un WhatsApp el día anterior a tu entrega con un rango horario de solo 2 a 4hs para que no te quedes esperando todo el día. Ahorrá tiempo.;Pago Nube;;29/01/2026;02/02/2026;SHOOW TOOLS - TWIGGY (BLACK) (MIXED (8/10/12/14mm));21000;2;;Móvil;1889946687;Sí;;;;No;;;3396.17;1;;;;43103.83;Tarjeta de crédito;29/01/2026 21:48:51;;;;
5816;96f0ee7a9d;29/01/2026 20:13:56;Archivada;Recibido;Enviado;ARS;30000;7500.00;4500;27000;Capital Federal;Argentina;Siempre EXPRESS Servicio Premium. Te enviamos un WhatsApp el día anterior a tu entrega con un rango horario de solo 2 a 4hs para que no te quedes esperando todo el día. Ahorrá tiempo.;Pago Nube;;29/01/2026;02/02/2026;SHOOW TOOLS - TAYLOR (BLACK) (MIXED (8/10/12/14mm));30000;1;;Móvil;1889885874;Sí;;;;No;;;331.45;;;;;26668.55;Transferencia o depósito;29/01/2026 20:15:34;;;01/02/2026 23:59:59;
5815;7392d44880;29/01/2026 17:56:02;Archivada;Recibido;Entregado;ARS;30000;7500.00;8293;30793;Córdoba;Argentina;Envío Nube - Correo Argentino Clásico a domicilio;Pago Nube;;29/01/2026;10/02/2026;Schwarzkopf - GOT2B gel;30000;1;052336341456;Móvil;1889797037;Sí;;;;No;;;378.01;;;;;30414.99;Transferencia o depósito;29/01/2026 17:57:06;;;01/02/2026 23:59:59;
5814;ec26799be3;29/01/2026 13:55:08;Archivada;Recibido;Entregado;ARS;93600;0.00;9817.01;103417.01;Santa Fe;Argentina;Envío Nube - Andreani a domicilio;Pago Nube;;29/01/2026;12/02/2026;AOA STUDIO - PEGA DE PESTAÑAS LASH GLUE;18000;1;3D24A;Web;1889619129;Sí;;;;No;;;7553.17;6;14683.14;;;81180.70;Tarjeta de crédito;29/01/2026 13:55:12;;;;
5814;ec26799be3;;;;;;;;;;;;;;;;;SHOOW TOOLS - NATURAL SHOOW (10 PAIRS);25200;2;850056827003;;;Sí;;;;;;;;;;;;;;;;;;
5814;ec26799be3;;;;;;;;;;;;;;;;;SHOOW TOOLS - SOFT & SHORT (10PAIRS);25200;1;850056827010;;;Sí;;;;;;;;;;;;;;;;;;
5813;54b06961cb;29/01/2026 10:13:05;Archivada;Recibido;Entregado;ARS;31500;0.00;0;31500;;Argentina;Retirado en Punto de Venta;Transferencia o depósito;;29/01/2026;29/01/2026;SHOOWTOOLS - TRIANGLE POWDER PUFF (3 UNITS);7500;1;;Punto de venta;1889477130;Sí;Beauty House;;;No;;;;;;;;;Transferencia o depósito;;;;29/01/2026 10:13:06;
5813;54b06961cb;;;;;;;;;;;;;;;;;SHOOWTOOLS - THE CLIPPERS QUARTETTE;9000;1;;;;Sí;;;;;;;;;;;;;;;;;;
5813;54b06961cb;;;;;;;;;;;;;;;;;SHOOWTOOLS - TWIGGY (CLUSTER) 8/10MM;15000;1;;;;Sí;;;;;;;;;;;;;;;;;;
5812;ffa148fca1;28/01/2026 21:07:16;Archivada;Recibido;Entregado;ARS;25200;6300.00;0;18900;Gran Buenos Aires;Argentina;MANDO A RETIRAR ;Pago Nube;;28/01/2026;29/01/2026;SHOOW TOOLS - FUFFLY (10PAIRS);25200;1;850056827072;Móvil;1889216315;Sí;;;;No;;;232.01;;;;;18667.99;Transferencia o depósito;28/01/2026 21:07:56;;;31/01/2026 23:59:59;
5811;37abdf8b5b;28/01/2026 20:48:42;Archivada;Recibido;Entregado;ARS;36000;9000.00;0;27000;Capital Federal;Argentina;MANDO A RETIRAR ;Pago Nube;;28/01/2026;02/02/2026;ELF cosmetics - Brow laminating gel;36000;1;;Móvil;1888561163;Sí;;;;No;;;331.45;;;;;26668.55;Transferencia o depósito;28/01/2026 20:55:45;;;31/01/2026 23:59:59;
5807;ceab125615;27/01/2026 22:12:15;Archivada;Recibido;Entregado;ARS;100000;0.00;0;100000;;Argentina;Retirado en Punto de Venta;Transferencia o depósito;;28/01/2026;19/02/2026;SHOOWTOOLS- TWIGGY (CLUSTER);15000;4;;Punto de venta;1888540756;Sí;Beauty House;;;No;;;;;;;;;Transferencia o depósito;;;;;
5807;ceab125615;;;;;;;;;;;;;;;;;PESTAÑAS EN LIQUIDACION - 10 PARES;10000;4;;;;Sí;;;;;;;;;;;;;;;;;;
5806;b63944e16a;27/01/2026 18:45:35;Archivada;Recibido;Entregado;ARS;37001;0.00;5997;42998;Misiones;Argentina;Envío Nube - Correo Argentino Clásico a sucursal;Transferencia o depósito;;27/01/2026;02/02/2026;SHOOWTOOLS - MANIQUI DE PRACTICA;19000;1;;Punto de venta;1888408849;Sí;Beauty House;;;No;;;;;;;;;Transferencia o depósito;;;;;
5806;b63944e16a;;;;;;;;;;;;;;;;;SHOOWTOOLS - SOFT AND SHORT (10PAIRS);18000;1;;;;Sí;;;;;;;;;;;;;;;;;;
5806;b63944e16a;;;;;;;;;;;;;;;;;Regalo - Pompon luminoso;1;1;;;;Sí;;;;;;;;;;;;;;;;;;
5805;83244a648c;27/01/2026 18:01:45;Archivada;Recibido;Enviado;ARS;145000;36250.00;7500;116250;Gran Buenos Aires;Argentina;Siempre EXPRESS Servicio Premium. Te enviamos un WhatsApp el día anterior a tu entrega con un rango horario de solo 2 a 4hs para que no te quedes esperando todo el día. Ahorrá tiempo.;Pago Nube;;27/01/2026;30/01/2026;MAKE UP FOR EVER - MINI ARTIST COLOR PENCIL LIPLINER SET;145000;1;;Móvil;1888377957;Sí;;;;No;;;1427.08;;;;;114822.92;Transferencia o depósito;27/01/2026 18:03:45;;;30/01/2026 23:59:59;
5804;624bf6fb0d;27/01/2026 12:48:49;Archivada;Recibido;Entregado;ARS;36000;9000.00;4677;31677;Gran Buenos Aires;Argentina;Punto de retiro;Pago Nube;;27/01/2026;31/01/2026;SHOOW TOOLS - FOXY #1 (10PAIRS);36000;1;850056827089;Web;1884697234;Sí;;;;No;;;388.86;;;;;31288.14;Transferencia o depósito;27/01/2026 12:49:40;;;30/01/2026 23:59:59;
5803;b927de4620;27/01/2026 11:46:03;Archivada;Recibido;Entregado;ARS;15000;0.00;0;15000;Capital Federal;Argentina;Beauty House;Mercado Pago;;27/01/2026;05/02/2026;SHOOW TOOLS - TWIGGY (BLACK) (MIXED (8/10/12/14mm));15000;1;;Móvil;1888107780;Sí;;;;No;;;;;;;;;Billetera virtual;;;;;
5801;f21d6f2ecd;27/01/2026 07:51:33;Archivada;Recibido;Enviado;ARS;18000;0.00;5550;23550;Córdoba;Argentina;Punto de retiro;Mercado Pago;;27/01/2026;05/02/2026;SHOOW TOOLS - SO CLASSY (10PAIRS);18000;1;850056827027;Móvil;1887920638;Sí;;;;No;;;;1;;;;;Tarjeta de crédito;;;;;
5800;d3319211b7;26/01/2026 22:49:15;Archivada;Recibido;Enviado;ARS;15000;0.00;4500;19500;Capital Federal;Argentina;Siempre EXPRESS Servicio Premium. Te enviamos un WhatsApp el día anterior a tu entrega con un rango horario de solo 2 a 4hs para que no te quedes esperando todo el día. Ahorrá tiempo.;Efectivo (Billete);;27/01/2026;05/02/2026;SHOOW TOOLS - TWIGGY (BLACK) (MIXED (8/10/12/14mm));15000;1;;Móvil;1887842366;Sí;;;;No;;;;;;;;;Efectivo;;;;;
5798;4d04a14164;23/01/2026 19:42:31;Archivada;Recibido;Enviado;ARS;9600;1920.00;7500;15180;Gran Buenos Aires;Argentina;Siempre EXPRESS Servicio Premium. Te enviamos un WhatsApp el día anterior a tu entrega con un rango horario de solo 2 a 4hs para que no te quedes esperando todo el día. Ahorrá tiempo.;Transferencia;;26/01/2026;09/02/2026;SHOOW TOOLS - SO CLASSY (1 PAIR);9600;1;850056827140;Móvil;1885778252;Sí;;;;No;;;;;;;;;Transferencia o depósito;;;;;
5797;9fb571703b;22/01/2026 11:40:30;Archivada;Recibido;Entregado;ARS;354000;0.00;5997;359997;Chaco;Argentina;Envío Nube - Correo Argentino Clásico a sucursal;A convenir;;23/01/2026;02/02/2026;SHOOW TOOLS - FOXY CAT EYE (10PAIRS);14500;6;;Punto de venta;1884759596;Sí;Beauty House;;;No;;;;;;;;;;;;;;
5797;9fb571703b;;;;;;;;;;;;;;;;;SHOOW TOOLS - SOFT & SHORT (10PAIRS);14500;1;;;;Sí;;;;;;;;;;;;;;;;;;
5797;9fb571703b;;;;;;;;;;;;;;;;;SHOOW TOOLS - NATURAL SHOOW (10PAIRS);14500;3;;;;Sí;;;;;;;;;;;;;;;;;;
5797;9fb571703b;;;;;;;;;;;;;;;;;SHOOW TOOLS - SO CLASSY (10PAIRS);14500;2;;;;Sí;;;;;;;;;;;;;;;;;;
5797;9fb571703b;;;;;;;;;;;;;;;;;ITALIA DELUXE - MIXED SET 12 UNID;60000;3;;;;Sí;;;;;;;;;;;;;;;;;;
5796;d9e61e7236;20/01/2026 23:45:46;Archivada;Recibido;Enviado;ARS;28800;5760.00;4500;27540;Capital Federal;Argentina;Siempre EXPRESS Servicio Premium. Te enviamos un WhatsApp el día anterior a tu entrega con un rango horario de solo 2 a 4hs para que no te quedes esperando todo el día. Ahorrá tiempo.;Transferencia;;21/01/2026;21/01/2026;SHOOW TOOLS - SO CLASSY (10PAIRS);28800;1;850056827027;Móvil;1883817556;Sí;;;;No;;;;;;;;;Transferencia o depósito;;;;;
5795;dc2e3580fc;20/01/2026 19:24:47;Archivada;Recibido;Enviado;ARS;96000;0.00;4500;100500;Capital Federal;Argentina;Siempre EXPRESS Servicio Premium. Te enviamos un WhatsApp el día anterior a tu entrega con un rango horario de solo 2 a 4hs para que no te quedes esperando todo el día. Ahorrá tiempo.;3 CUOTAS SIN INTERES (min. 100.000$ ars);;20/01/2026;26/01/2026;SHOOW TOOLS - TWIGGY (BLACK) (MIXED (8/10/12/14mm));24000;1;;Web;1874951025;Sí;;;;No;;;;;;;;;A convenir;;;;;
5795;dc2e3580fc;;;;;;;;;;;;;;;;;SHOOW TOOLS - TAYLOR (BLACK) (MIXED (8/10/12/14mm));24000;1;;;;Sí;;;;;;;;;;;;;;;;;;
5795;dc2e3580fc;;;;;;;;;;;;;;;;;SHOOW TOOLS - Elizabeth Taylor (BLACK);24000;1;;;;Sí;;;;;;;;;;;;;;;;;;
5795;dc2e3580fc;;;;;;;;;;;;;;;;;SHOOW TOOLS - CLARA BOW (BLACK);24000;1;;;;Sí;;;;;;;;;;;;;;;;;;
5792;1f7fb74d1c;19/01/2026 11:27:17;Archivada;Recibido;Entregado;ARS;52800;10560.00;4733;46973;Gran Buenos Aires;Argentina;Punto de retiro;Transferencia;;20/01/2026;22/01/2026;SHOOW TOOLS - SO CLASSY (10PAIRS);28800;1;850056827027;Móvil;1873545131;Sí;;;;No;;;;;;;;;Transferencia o depósito;;;;;
5792;1f7fb74d1c;;;;;;;;;;;;;;;;;SHOOW TOOLS - TWIGGY (BLACK) (MIXED (8/10/12/14mm));24000;1;;;;Sí;;;;;;;;;;;;;;;;;;
5791;0477925858;16/01/2026 10:17:36;Archivada;Recibido;Entregado;ARS;27000;5400.00;6165;27765;Chubut;Argentina;Punto de retiro;Transferencia;;16/01/2026;26/01/2026;Schwarzkopf - GOT2B gel;27000;1;052336341456;Móvil;1880624649;Sí;;;;No;;;;;;;;;Transferencia o depósito;;;;;
5790;fb049d7534;16/01/2026 09:29:23;Archivada;Recibido;Entregado;ARS;163200;32640.00;9091;139651;Santa Fe;Argentina;Envío Nube - Correo Argentino Clásico a domicilio;Transferencia;;16/01/2026;02/02/2026;SHOOW TOOLS - FOXY #1 (10PAIRS);28800;2;850056827089;Móvil;1823591701;Sí;;;;No;;;;;;;;;Transferencia o depósito;;;;;
5790;fb049d7534;;;;;;;;;;;;;;;;;SHOOW TOOLS - CLARA BOW (BLACK);24000;1;;;;Sí;;;;;;;;;;;;;;;;;;
5790;fb049d7534;;;;;;;;;;;;;;;;;SHOOW TOOLS - Elizabeth Taylor (BLACK);24000;1;;;;Sí;;;;;;;;;;;;;;;;;;
5790;fb049d7534;;;;;;;;;;;;;;;;;SHOOW TOOLS - FOXY CAT EYE (10PAIRS);28800;2;850056827119;;;Sí;;;;;;;;;;;;;;;;;;
5789;9694f7f623;15/01/2026 21:46:20;Archivada;Recibido;Entregado;ARS;35999.6;0.00;8667.06;44666.66;Capital Federal;Argentina;Envío Nube - Andreani a domicilio;Mercado Pago;;15/01/2026;30/01/2026;Italia deluxe - Delineadores de labios (Chocolate);8999.9;1;082353010332;Móvil;1880383796;Sí;;;;No;;;;1;;;;;Tarjeta de crédito;;;;;
5789;9694f7f623;;;;;;;;;;;;;;;;;Italia deluxe - Delineadores de labios (Brown);8999.9;1;082353010400;;;Sí;;;;;;;;;;;;;;;;;;
5789;9694f7f623;;;;;;;;;;;;;;;;;Italia deluxe - Delineadores de labios (Natural);8999.9;2;082353010332;;;Sí;;;;;;;;;;;;;;;;;;
5788;ff1c203ba3;15/01/2026 17:45:23;Archivada;Recibido;Entregado;ARS;17999.8;3599.96;0;14399.84;Gran Buenos Aires;Argentina;Beauty House;Transferencia;;16/01/2026;02/02/2026;Italia deluxe - Delineadores de labios (rich red);8999.9;1;082353010530;Móvil;1880223511;Sí;;;;No;;;;;;;;;Transferencia o depósito;;;;;
5788;ff1c203ba3;;;;;;;;;;;;;;;;;Italia deluxe - Delineadores de labios (Brown);8999.9;1;082353010400;;;Sí;;;;;;;;;;;;;;;;;;
5787;4483a7d0a4;15/01/2026 12:04:34;Archivada;Recibido;Enviado;ARS;26999.7;5399.94;4500;26099.76;Capital Federal;Argentina;Siempre EXPRESS Servicio Premium. Te enviamos un WhatsApp el día anterior a tu entrega con un rango horario de solo 2 a 4hs para que no te quedes esperando todo el día. Ahorrá tiempo.;Transferencia;;15/01/2026;21/01/2026;Italia deluxe - Delineadores de labios (Hazelnut);8999.9;1;082353010646;Móvil;1879987126;Sí;;;;No;;;;;;;;;Transferencia o depósito;;;;;
5787;4483a7d0a4;;;;;;;;;;;;;;;;;Italia deluxe - Delineadores de labios (Dusty rose);8999.9;1;082353010424;;;Sí;;;;;;;;;;;;;;;;;;
5787;4483a7d0a4;;;;;;;;;;;;;;;;;Italia deluxe - Delineadores de labios (Chocolate);8999.9;1;082353010332;;;Sí;;;;;;;;;;;;;;;;;;
5786;121edc7976;13/01/2026 23:53:00;Archivada;Recibido;Enviado;ARS;27000;5400.00;0;21600;Gran Buenos Aires;Argentina;MANDO A RETIRAR (Esta opción es para mandar a retirar, en caso de equivocación el envio puede demorar mas por cambio de metodo de envio);Efectivo (Billete);;16/01/2026;16/01/2026;Schwarzkopf - GOT2B gel;27000;1;052336341456;Móvil;1879014345;Sí;;;;No;;;;;;;;;Efectivo;;;;;
5785;ff1c203ba3;13/01/2026 23:23:27;Archivada;Recibido;Entregado;ARS;26999.7;5399.94;0;21599.76;Gran Buenos Aires;Argentina;Beauty House;Transferencia;;13/01/2026;02/02/2026;Italia deluxe - Delineadores de labios (Hazelnut);8999.9;1;082353010646;Móvil;1878999133;Sí;;;;No;;;;;;;;;Transferencia o depósito;;;;;
5785;ff1c203ba3;;;;;;;;;;;;;;;;;Italia deluxe - Delineadores de labios (hot cocoa);8999.9;2;082353010608;;;Sí;;;;;;;;;;;;;;;;;;
5784;d1b17c3b61;13/01/2026 21:46:16;Archivada;Recibido;Entregado;ARS;102599.8;20519.96;5872.86;87952.7;Chaco;Argentina;Punto de retiro;Transferencia;;13/01/2026;21/01/2026;Italia deluxe - Delineadores de labios (terracotta);8999.9;1;082353010653;Móvil;1873906828;Sí;;;;No;;;;;;;;;Transferencia o depósito;;;;;
5784;d1b17c3b61;;;;;;;;;;;;;;;;;Italia deluxe - Delineadores de labios (Bare);8999.9;1;082353010592;;;Sí;;;;;;;;;;;;;;;;;;
5784;d1b17c3b61;;;;;;;;;;;;;;;;;Schwarzkopf - GOT2B gel;27000;1;052336341456;;;Sí;;;;;;;;;;;;;;;;;;
5784;d1b17c3b61;;;;;;;;;;;;;;;;;SHOOW TOOLS - FOXY CAT EYE (10PAIRS);28800;1;850056827119;;;Sí;;;;;;;;;;;;;;;;;;
5784;d1b17c3b61;;;;;;;;;;;;;;;;;SHOOW TOOLS - NATURAL SHOOW (10 PAIRS);28800;1;850056827003;;;Sí;;;;;;;;;;;;;;;;;;
5783;c714b70816;13/01/2026 11:00:52;Archivada;Recibido;Entregado;ARS;48000;17280.00;0;30720;Capital Federal;Argentina;Beauty House;Efectivo (Billete);ISA;15/01/2026;15/01/2026;SHOOW TOOLS - TAYLOR (BLACK) (8mm/10mm);24000;1;;Móvil;1878472183;Sí;;;;No;;;;;;;;;Efectivo;;;;;
5783;c714b70816;;;;;;;;;;;;;;;;;SHOOW TOOLS - CLARA BOW (BLACK);24000;1;;;;Sí;;;;;;;;;;;;;;;;;;
5782;15bb469eb5;13/01/2026 10:53:52;Archivada;Recibido;Entregado;ARS;44100;8820.00;8667.06;43947.06;Entre Ríos;Argentina;Envío Nube - Andreani a domicilio;Transferencia;;13/01/2026;22/01/2026;AOA STUDIO - PEGA DE PESTAÑAS LASH GLUE;15300;1;3D24A;Web;1878129655;Sí;;;;No;;;;;;;;;Transferencia o depósito;;;;;
5782;15bb469eb5;;;;;;;;;;;;;;;;;SHOOW TOOLS - FOXY CAT EYE (10PAIRS);28800;1;850056827119;;;Sí;;;;;;;;;;;;;;;;;;
5781;a5aa2203d3;12/01/2026 20:46:34;Archivada;Recibido;Enviado;ARS;23999.92;0.00;4500;28499.92;Capital Federal;Argentina;Siempre EXPRESS Servicio Premium. Te enviamos un WhatsApp el día anterior a tu entrega con un rango horario de solo 2 a 4hs para que no te quedes esperando todo el día. Ahorrá tiempo.;Mercado Pago;;12/01/2026;21/01/2026;AOA STUDIO - FIBRA PARA PECAS (Red brow);11999.96;1;100000121474;Móvil;1878152105;Sí;;;;No;;;;;;;;;Billetera virtual;;;;;
5781;a5aa2203d3;;;;;;;;;;;;;;;;;AOA STUDIO - FIBRA PARA PECAS (Light brow);11999.96;1;100000121467;;;Sí;;;;;;;;;;;;;;;;;;
5780;fdcd06d112;12/01/2026 15:43:36;Archivada;Recibido;Enviado;ARS;750000;0.00;0;750000;Buenos Aires;Argentina;Envío personalizado;Tarjeta de crédito;;12/01/2026;02/02/2026;SHEGLAM - RICK Y MORTY COLLECTION;750000;1;;Punto de venta;1877950676;Sí;Beauty House;;;No;;;;;;;;;Tarjeta de crédito;;;;;
5779;8b0e14e483;12/01/2026 12:11:40;Archivada;Recibido;Entregado;ARS;290000;0.00;0;290000;;Argentina;Retirado en Punto de Venta;Transferencia o depósito;;21/01/2026;21/01/2026;SHOOW TOOLS - FOXY #3 (10PAIRS);14500;3;;Punto de venta;1877794129;Sí;Beauty House;;;No;;;;;;;;;Transferencia o depósito;;;;;
5779;8b0e14e483;;;;;;;;;;;;;;;;;SHOOW TOOLS - SOFT & SHORT (10PAIRS);14500;4;;;;Sí;;;;;;;;;;;;;;;;;;
5779;8b0e14e483;;;;;;;;;;;;;;;;;SHOOW TOOLS - SO CLASSY (10PAIRS);14500;4;;;;Sí;;;;;;;;;;;;;;;;;;
5779;8b0e14e483;;;;;;;;;;;;;;;;;SHOOW TOOLS - NATURAL SHOOW (10PAIRS);14500;3;;;;Sí;;;;;;;;;;;;;;;;;;
5779;8b0e14e483;;;;;;;;;;;;;;;;;SHOOW TOOLS - ICONIC VOLUME (10PAIRS);14500;3;;;;Sí;;;;;;;;;;;;;;;;;;
5779;8b0e14e483;;;;;;;;;;;;;;;;;SHOOW TOOLS - SOFTLY BEAUTIFUL (10PAIRS);14500;3;;;;Sí;;;;;;;;;;;;;;;;;;
5777;b687490e9c;12/01/2026 00:22:03;Archivada;Recibido;Entregado;ARS;72000;36000.00;8293;44293;Entre Ríos;Argentina;Envío Nube - Correo Argentino Clásico a domicilio;Mercado Pago;;12/01/2026;21/01/2026;SHOOW TOOLS - FOXY #3 (10PAIRS);36000;2;850056827102;Móvil;1877569399;Sí;;;;No;;;;1;;;;;Tarjeta de crédito;;;;;
5776;dfd6636a47;11/01/2026 14:01:38;Archivada;Recibido;Entregado;ARS;72000;36000.00;9351.58;45351.58;Chaco;Argentina;Envío Nube - Andreani a domicilio;Transferencia;;11/01/2026;24/01/2026;SHOOW TOOLS - FOXY #1 (10PAIRS);36000;1;850056827089;Móvil;1877196768;Sí;;;;No;;;;;;;;;Transferencia o depósito;;;;;
5776;dfd6636a47;;;;;;;;;;;;;;;;;SHOOW TOOLS - SOFTLY BEAUTIFUL (10PAIRS);36000;1;850056827065;;;Sí;;;;;;;;;;;;;;;;;;
5775;23f9935487;11/01/2026 12:04:51;Archivada;Recibido;Entregado;ARS;216000;108000.00;8940;116940;Formosa;Argentina;Envío Nube - Correo Argentino Clásico a domicilio;3 CUOTAS SIN INTERES (min. 100.000$ ars);;12/01/2026;21/01/2026;SHOOW TOOLS - SOFT & SHORT (10PAIRS);36000;1;850056827010;Móvil;1877120706;Sí;;;;No;;;;;;;;;A convenir;;;;;
5775;23f9935487;;;;;;;;;;;;;;;;;SHOOW TOOLS - SOFTLY BEAUTIFUL (10PAIRS);36000;1;850056827065;;;Sí;;;;;;;;;;;;;;;;;;
5775;23f9935487;;;;;;;;;;;;;;;;;SHOOW TOOLS - ICONIC VOLUME (10PARES);36000;1;850056827041;;;Sí;;;;;;;;;;;;;;;;;;
5775;23f9935487;;;;;;;;;;;;;;;;;SHOOW TOOLS - NATURAL SHOOW (10 PAIRS);36000;1;850056827003;;;Sí;;;;;;;;;;;;;;;;;;
5775;23f9935487;;;;;;;;;;;;;;;;;SHOOW TOOLS - SHOOW YOU (10PAIRS);36000;1;850056827034;;;Sí;;;;;;;;;;;;;;;;;;
5775;23f9935487;;;;;;;;;;;;;;;;;SHOOW TOOLS - FOXY CAT EYE (10PAIRS);36000;1;850056827119;;;Sí;;;;;;;;;;;;;;;;;;
5774;ff0f105e80;10/01/2026 09:36:29;Archivada;Recibido;Entregado;ARS;27000;5400.00;0;21600;Capital Federal;Argentina;Beauty House;Efectivo (Billete);;14/01/2026;14/01/2026;Schwarzkopf - GOT2B gel;27000;1;052336341456;Móvil;1875734015;Sí;;;;No;;;;;;;;;Efectivo;;;;;
5772;f69dd4607d;09/01/2026 14:09:33;Archivada;Recibido;Entregado;ARS;180000;0.00;5410.7;185410.7;Buenos Aires;Argentina;Envío Nube - Andreani a sucursal;Tarjeta de crédito;;09/01/2026;14/01/2026;ITALIA DELUXE - DELINEADOR DE LABIOS (NATURAL BEIGE);60000;1;;Punto de venta;1875869019;Sí;Beauty House;;;No;;;;;;;;;Tarjeta de crédito;;;;;
5772;f69dd4607d;;;;;;;;;;;;;;;;;ITALIA DELUXE - DELINEADOR DE LABIOS (CHOCOLATE);60000;1;;;;Sí;;;;;;;;;;;;;;;;;;
5772;f69dd4607d;;;;;;;;;;;;;;;;;ITALIA DELUXE - DELINEADOR DE LABIOS (DUSTY ROSE);60000;1;;;;Sí;;;;;;;;;;;;;;;;;;
5771;c1121106ff;09/01/2026 13:34:29;Archivada;Recibido;Entregado;ARS;240000;0.00;5550;245550;Entre Ríos;Argentina;Envío Nube - Correo Argentino Clásico a sucursal;Transferencia o depósito;;09/01/2026;02/02/2026;SHOOW TOOLS - ISABEL I (CLUSTERS) 8/10 MM;12000;7;;Punto de venta;1875841782;Sí;Beauty House;;;No;;;;;;;;;Transferencia o depósito;;;;;
5771;c1121106ff;;;;;;;;;;;;;;;;;SHOOW TOOLS - ISABEL I (CLUSTERS) 8/10/12/14 MM;12000;3;;;;Sí;;;;;;;;;;;;;;;;;;
5771;c1121106ff;;;;;;;;;;;;;;;;;SHOOW TOOLS - TWIGGY(CLUSTERS) 8/10 MM;12000;7;;;;Sí;;;;;;;;;;;;;;;;;;
5771;c1121106ff;;;;;;;;;;;;;;;;;SHOOW TOOLS - TWIGGY (CLUSTERS) 8/10/12/14 MM;12000;3;;;;Sí;;;;;;;;;;;;;;;;;;
5770;ef337670be;09/01/2026 13:22:49;Archivada;Recibido;Entregado;ARS;48000;24000.00;0;24000;Capital Federal;Argentina;Beauty House;Efectivo (Billete);;14/01/2026;14/01/2026;SHOOW TOOLS - FOXY #1 (1 PAIR);12000;2;850056827201;Móvil;1875820374;Sí;;;;No;;;;;;;;;Efectivo;;;;;
5770;ef337670be;;;;;;;;;;;;;;;;;SHOOW TOOLS - FOXY #3 (1 PAIR);12000;2;850056827225;;;Sí;;;;;;;;;;;;;;;;;;
5769;a57c3a47f0;09/01/2026 13:08:54;Archivada;Recibido;Enviado;ARS;34999.58;6999.92;0;27999.66;Gran Buenos Aires;Argentina;MANDO A RETIRAR (Esta opción es para mandar a retirar, en caso de equivocación el envio puede demorar mas por cambio de metodo de envio);Efectivo (Billete);;14/01/2026;14/01/2026;Italia deluxe - Delineadores de labios (Hazelnut);8999.9;1;082353010646;Móvil;1875812455;Sí;;;;No;;;;;;;;;Efectivo;;;;;
5769;a57c3a47f0;;;;;;;;;;;;;;;;;Italia deluxe - Delineadores de labios (Brown);8999.9;1;082353010400;;;Sí;;;;;;;;;;;;;;;;;;
5769;a57c3a47f0;;;;;;;;;;;;;;;;;ITALIA DELUXE - LAPIZ DELINEADOR DE OJOS (black);7999.88;1;082353010011;;;Sí;;;;;;;;;;;;;;;;;;
5769;a57c3a47f0;;;;;;;;;;;;;;;;;Italia deluxe - Delineadores de labios (Bare);8999.9;1;082353010592;;;Sí;;;;;;;;;;;;;;;;;;
5768;ad79806b80;08/01/2026 19:25:16;Archivada;Recibido;Entregado;ARS;72000;36000.00;8293;44293;Santa Fe;Argentina;Envío Nube - Correo Argentino Clásico a domicilio;Transferencia;;09/01/2026;15/01/2026;SHOOW TOOLS - SHOOW YOU (10PAIRS);36000;2;850056827034;Móvil;1875336793;Sí;;;;No;;;;;;;;;Transferencia o depósito;;;;;
5767;be0ab08bb4;08/01/2026 18:53:04;Archivada;Recibido;Entregado;ARS;144000;72000.00;9351.58;81351.58;Mendoza;Argentina;Envío Nube - Andreani a domicilio;Mercado Pago;;08/01/2026;16/01/2026;SHOOW TOOLS - NATURAL SHOOW (10 PAIRS);36000;2;850056827003;Móvil;1875311248;Sí;;;;No;;;;3;;;;;Tarjeta de crédito;;;;;
5767;be0ab08bb4;;;;;;;;;;;;;;;;;SHOOW TOOLS - FOXY CAT EYE (10PAIRS);36000;2;850056827119;;;Sí;;;;;;;;;;;;;;;;;;
5766;c39dc88154;07/01/2026 20:37:16;Archivada;Recibido;Entregado;ARS;120000;60000.00;13189.47;73189.47;Córdoba;Argentina;Envío Nube - Andreani a domicilio;Mercado Pago;;07/01/2026;26/01/2026;SHOOW TOOLS - ISABEL I (BLACK) PRE VENTA (MIXED (8/10/12/14mm));30000;2;;Móvil;1874519424;Sí;;;;No;;;;1;;;;;Tarjeta de crédito;;;;;
5766;c39dc88154;;;;;;;;;;;;;;;;;SHOOW TOOLS - TAYLOR (BLACK) (8mm/10mm);30000;2;;;;Sí;;;;;;;;;;;;;;;;;;
5765;cc9072722a;07/01/2026 17:56:38;Archivada;Recibido;Enviado;ARS;24000;12000.00;4500;16500;Capital Federal;Argentina;Siempre EXPRESS Servicio Premium. Te enviamos un WhatsApp el día anterior a tu entrega con un rango horario de solo 2 a 4hs para que no te quedes esperando todo el día. Ahorrá tiempo.;Transferencia;;07/01/2026;14/01/2026;SHOOW TOOLS - SO CLASSY (1 PAIR);12000;2;850056827140;Web;1874419863;Sí;;;;No;;;;;;;;;Transferencia o depósito;;;;;
5763;d3319211b7;07/01/2026 17:40:03;Archivada;Recibido;Entregado;ARS;72000;36000.00;0;36000;Capital Federal;Argentina;Beauty House;Efectivo (Billete);;16/01/2026;16/01/2026;SHOOW TOOLS - FOXY CAT EYE (10PAIRS);36000;1;850056827119;Móvil;1874406074;Sí;;;El cliente cambió de idea;No;;;;;;;;;Efectivo;;;;;
5763;d3319211b7;;;;;;;;;;;;;;;;;SHOOW TOOLS - SO CLASSY (10PAIRS);36000;1;850056827027;;;Sí;;;;;;;;;;;;;;;;;;
5762;c6f0f24444;07/01/2026 17:30:22;Archivada;Recibido;Enviado;ARS;19499.82;3899.96;4500;20099.86;Capital Federal;Argentina;Siempre EXPRESS Servicio Premium. Te enviamos un WhatsApp el día anterior a tu entrega con un rango horario de solo 2 a 4hs para que no te quedes esperando todo el día. Ahorrá tiempo.;Transferencia;;07/01/2026;14/01/2026;AOA STUDIO - CORRECTOR ALTA COBERTURA (Light ivory);9749.91;2;100000108222;Móvil;1874393520;Sí;;;;No;;;;;;;;;Transferencia o depósito;;;;;
5761;c65bedd85a;07/01/2026 16:58:42;Archivada;Recibido;Entregado;ARS;72000;36000.00;8293;44293;Santa Fe;Argentina;Envío Nube - Correo Argentino Clásico a domicilio;Mercado Pago;;07/01/2026;14/01/2026;SHOOW TOOLS - NATURAL SHOOW (10 PAIRS);36000;1;850056827003;Móvil;1856921301;Sí;;;;No;;;;;;;;;Billetera virtual;;;;;
5761;c65bedd85a;;;;;;;;;;;;;;;;;SHOOW TOOLS - ICONIC VOLUME (10PARES);36000;1;850056827041;;;Sí;;;;;;;;;;;;;;;;;;
5760;fadec61424;07/01/2026 09:11:51;Archivada;Recibido;Entregado;ARS;192000;90000.00;10635;112635;Mendoza;Argentina;Envío Nube - Correo Argentino Clásico a domicilio;Transferencia;;07/01/2026;24/02/2026;SHOOW TOOLS - SO CLASSY (10PAIRS);36000;2;850056827027;Móvil;1874024574;Sí;;;;No;;;;;;;;;Transferencia o depósito;;;;;
5760;fadec61424;;;;;;;;;;;;;;;;;SHOOW TOOLS - ISABEL I (BLACK) PRE VENTA (MIXED (8/10/12/14mm));30000;2;;;;Sí;;;;;;;;;;;;;;;;;;
5760;fadec61424;;;;;;;;;;;;;;;;;SHOOW TOOLS - ISABEL I (BLACK) PRE VENTA (8mm/10mm);30000;2;;;;Sí;;;;;;;;;;;;;;;;;;
5759;ce4fecbba3;07/01/2026 06:59:30;Archivada;Recibido;Entregado;ARS;313000;144000.00;7185;176185;Gran Buenos Aires;Argentina;Envío Nube - Correo Argentino Clásico a domicilio;3 CUOTAS SIN INTERES (min. 100.000$ ars);;07/01/2026;14/01/2026;SHOOW TOOLS - SOFT & SHORT (10PAIRS);36000;2;850056827010;Móvil;1873968227;Sí;;;;No;;;;;;;;;A convenir;;;;;
5759;ce4fecbba3;;;;;;;;;;;;;;;;;SHOOW TOOLS - SO CLASSY (10PAIRS);36000;2;850056827027;;;Sí;;;;;;;;;;;;;;;;;;
5759;ce4fecbba3;;;;;;;;;;;;;;;;;SHOOW TOOLS - FOXY #1 (10PAIRS);36000;4;850056827089;;;Sí;;;;;;;;;;;;;;;;;;
5759;ce4fecbba3;;;;;;;;;;;;;;;;;BH COSMETICS - BASE GLITTER BOOSTER;25000;1;849953010199;;;Sí;;;;;;;;;;;;;;;;;;
5758;64c2f1a612;07/01/2026 00:43:24;Archivada;Recibido;Entregado;ARS;72000;36000.00;0;36000;Capital Federal;Argentina;Beauty House;Mercado Pago;;07/01/2026;14/01/2026;SHOOW TOOLS - FOXY CAT EYE (10PAIRS);36000;2;850056827119;Móvil;1873889269;Sí;;;;No;;;;;;;;;Billetera virtual;;;;;
5757;e6c62b3ff6;06/01/2026 22:49:54;Archivada;Recibido;Entregado;ARS;72000;36000.00;0;36000;Gran Buenos Aires;Argentina;Beauty House;Transferencia;;07/01/2026;14/01/2026;SHOOW TOOLS - FOXY #1 (10PAIRS);36000;2;850056827089;Móvil;1873825505;Sí;;;;No;;;;;;;;;Transferencia o depósito;;;;;
5756;44ee3963f7;06/01/2026 22:36:42;Archivada;Recibido;Entregado;ARS;72000;36000.00;8940;44940;San Juan;Argentina;Envío Nube - Correo Argentino Clásico a domicilio;Transferencia;;07/01/2026;16/01/2026;SHOOW TOOLS - SO CLASSY (10PAIRS);36000;2;850056827027;Móvil;1873810486;Sí;;;;No;;;;;;;;;Transferencia o depósito;;;;;
5755;40d5042b2a;06/01/2026 20:24:52;Archivada;Recibido;Enviado;ARS;360000;180000.00;4500;184500;Capital Federal;Argentina;Siempre EXPRESS Servicio Premium. Te enviamos un WhatsApp el día anterior a tu entrega con un rango horario de solo 2 a 4hs para que no te quedes esperando todo el día. Ahorrá tiempo.;Transferencia;;07/01/2026;14/01/2026;SHOOW TOOLS - SOFT & SHORT (10PAIRS);36000;10;850056827010;Móvil;1873609608;Sí;;;;No;;;;;;;;;Transferencia o depósito;;;;;
5754;f51e21c34d;05/01/2026 07:43:26;Archivada;Recibido;Entregado;ARS;36000;7200.00;8667.06;37467.06;Córdoba;Argentina;Envío Nube - Andreani a domicilio;Transferencia;;05/01/2026;12/01/2026;SHOOW TOOLS - FOXY #3 (10PAIRS);36000;1;850056827102;Móvil;1872426823;Sí;;;;No;;;;;;;;;Transferencia o depósito;;;;;
5753;564f891a39;02/01/2026 18:40:56;Archivada;Recibido;Entregado;ARS;27000;5400.00;0;21600;Capital Federal;Argentina;Beauty House;Transferencia;;03/01/2026;03/01/2026;Schwarzkopf - GOT2B gel;27000;1;052336341456;Web;1870834736;Sí;;;;No;;;;;;;;;Transferencia o depósito;;;;;
5752;52c2e435a6;01/01/2026 20:36:19;Archivada;Recibido;Entregado;ARS;126999.58;20979.96;0;106019.62;Córdoba;Argentina;Punto de retiro;3 CUOTAS SIN INTERES (min. 100.000$ ars);BYE25;01/01/2026;12/01/2026;SHOOW TOOLS - FOXY CAT EYE (10PAIRS);36000;1;850056827119;Web;1870197437;Sí;;;;No;;;;;;;;;A convenir;;;;;
5752;52c2e435a6;;;;;;;;;;;;;;;;;Italia deluxe - Delineadores de labios (hot red);8999.9;1;082353010479;;;Sí;;;;;;;;;;;;;;;;;;
5752;52c2e435a6;;;;;;;;;;;;;;;;;Italia deluxe - Delineadores de labios (hot cocoa);8999.9;1;082353010608;;;Sí;;;;;;;;;;;;;;;;;;
5752;52c2e435a6;;;;;;;;;;;;;;;;;Italia deluxe - Delineadores de labios (natural beige);8999.9;1;082353010523;;;Sí;;;;;;;;;;;;;;;;;;
5752;52c2e435a6;;;;;;;;;;;;;;;;;SHOOW TOOLS - MANIQUI DE SILICONA PARA MAQUILLAJES (Grises);38000;1;888877776666;;;Sí;;;;;;;;;;;;;;;;;;
5752;52c2e435a6;;;;;;;;;;;;;;;;;ITALIA DELUXE - LAPIZ DELINEADOR DE OJOS (Vivid purple);7999.88;1;082353010226;;;Sí;;;;;;;;;;;;;;;;;;
5752;52c2e435a6;;;;;;;;;;;;;;;;;SHOOW TOOLS - The clippers quartette (hebillas) Hair clips;18000;1;;;;Sí;;;;;;;;;;;;;;;;;;
